-5	0.1	0.0373484	2.87672e-11
-5	0.6	0.322498	2.93427e-11
-5	1.1	0.312865	2.918e-11
-5	1.6	0.222723	2.95679e-11
-5	2.1	0.138039	2.91099e-11
-5	2.6	0.0784148	2.95714e-11
-5	3.1	0.0419827	2.93296e-11
-5	3.6	0.0215979	2.92239e-11
-5	4.1	0.01083	2.95742e-11
-5	4.6	0.0053491	2.84618e-11
-5	5.1	0.00262207	2.8867e-11
-5	5.6	0.00128229	2.93878e-11
-5	6.1	0.000627791	2.87487e-11
-5	6.6	0.000308377	2.92475e-11
-5	7.1	0.000152174	2.85863e-11
-5	7.6	7.54854e-05	2.76052e-11
-5	8.1	3.76464e-05	2.95897e-11
-5	8.6	1.88741e-05	2.7162e-11
-5	9.1	9.50933e-06	2.89063e-11
-5	9.6	4.81259e-06	2.79448e-11
-5	10.1	2.44527e-06	2.84605e-11
-5	10.6	1.24668e-06	2.69571e-11
-5	11.1	6.37412e-07	2.94582e-11
-5	11.6	3.26657e-07	2.78854e-11
-5	12.1	1.6771e-07	2.8545e-11
-5	12.6	8.62251e-08	2.57195e-11
-5	13.1	4.43783e-08	2.5885e-11
-5	13.6	2.28594e-08	2.42047e-11
-5	14.1	1.17834e-08	2.68179e-11
-5	14.6	6.07878e-09	2.69417e-11
-5	15.1	3.13907e-09	2.71618e-11
-5	15.6	1.62314e-09	2.7706e-11
-5	16.1	8.41056e-10	2.78459e-11
-5	16.6	4.36954e-10	2.32021e-11
-5	17.1	2.27882e-10	2.17391e-11
-5	17.6	1.18765e-10	2.01098e-11
-5	18.1	6.37294e-11	4.07703e-12
-5	18.6	3.07882e-11	1.90537e-11
-5	19.1	1.69948e-11	1.14353e-11
-5	19.6	9.10068e-12	8.04024e-12
-5	20.1	4.89201e-12	5.50831e-12
-5	20.6	2.65784e-12	3.59868e-12
-5	21.1	1.45635e-12	2.27756e-12
-5	21.6	8.03297e-13	1.4079e-12
-5	22.1	4.45261e-13	8.54014e-13
-5	22.6	2.47596e-13	5.09853e-13
-5	23.1	1.379e-13	3.00167e-13
-5	23.6	7.68143e-14	1.74504e-13
-5	24.1	4.27378e-14	1.00272e-13
-5	24.6	2.37242e-14	5.69869e-14
-5	25.1	1.31272e-14	3.20468e-14
-5	25.6	7.23441e-15	1.78374e-14
-5	26.1	3.96812e-15	9.8282e-15
-5	26.6	2.24149e-15	6.39197e-15
-5	27.1	1.48141e-15	6.11375e-15
-5	27.6	1.13236e-15	5.51421e-15
-5	28.1	8.87767e-16	4.65273e-15
-5	28.6	5.24242e-16	4.65273e-15
-5	29.1	3.08947e-16	4.65273e-15
-5	29.6	1.81641e-16	4.65273e-15
-5	30.1	1.06506e-16	4.65273e-15
-5	30.6	6.22594e-17	4.65273e-15
-5	31.1	3.62699e-17	4.65273e-15
-5	31.6	2.10486e-17	4.65273e-15
-5	32.1	1.21632e-17	4.65273e-15
-5	32.6	6.9955e-18	4.65273e-15
-5	33.1	4.00245e-18	4.65273e-15
-5	33.6	2.2769e-18	4.65273e-15
-5	34.1	1e-30	1e-30
-5	34.6	1e-30	1e-30
-5	35.1	1e-30	1e-30
-5	35.6	1e-30	1e-30
-5	36.1	1e-30	1e-30
-5	36.6	1e-30	1e-30
-5	37.1	1e-30	1e-30
-5	37.6	1e-30	1e-30
-5	38.1	1e-30	1e-30
-5	38.6	1e-30	1e-30
-5	39.1	1e-30	1e-30
-5	39.6	1e-30	1e-30
-5	40.1	1e-30	1e-30
-4.5	0.1	0.036586	2.86614e-11
-4.5	0.6	0.360911	2.94773e-11
-4.5	1.1	0.376942	2.95734e-11
-4.5	1.6	0.294431	2.94178e-11
-4.5	2.1	0.202016	2.92703e-11
-4.5	2.6	0.127873	2.95463e-11
-4.5	3.1	0.0767027	2.92626e-11
-4.5	3.6	0.0444243	2.89858e-11
-4.5	4.1	0.0251911	2.89053e-11
-4.5	4.6	0.0141303	2.89193e-11
-4.5	5.1	0.00789844	2.88132e-11
-4.5	5.6	0.00442232	2.91566e-11
-4.5	6.1	0.00248873	2.86286e-11
-4.5	6.6	0.00141084	2.82949e-11
-4.5	7.1	0.000806723	2.78091e-11
-4.5	7.6	0.000465598	2.88355e-11
-4.5	8.1	0.000271298	2.95508e-11
-4.5	8.6	0.000159592	2.88711e-11
-4.5	9.1	9.47551e-05	2.86157e-11
-4.5	9.6	5.67625e-05	2.86302e-11
-4.5	10.1	3.42924e-05	2.85067e-11
-4.5	10.6	2.08835e-05	2.82938e-11
-4.5	11.1	1.28132e-05	2.81169e-11
-4.5	11.6	7.91668e-06	2.82849e-11
-4.5	12.1	4.92315e-06	2.78782e-11
-4.5	12.6	3.07996e-06	2.69312e-11
-4.5	13.1	1.93753e-06	2.88914e-11
-4.5	13.6	1.22505e-06	2.67666e-11
-4.5	14.1	7.78178e-07	2.48761e-11
-4.5	14.6	4.96413e-07	2.63825e-11
-4.5	15.1	3.17891e-07	2.85219e-11
-4.5	15.6	2.0428e-07	2.42364e-11
-4.5	16.1	1.31684e-07	2.69141e-11
-4.5	16.6	8.51253e-08	2.89015e-11
-4.5	17.1	5.51646e-08	2.58787e-11
-4.5	17.6	3.58274e-08	2.17075e-11
-4.5	18.1	2.3313e-08	2.50673e-11
-4.5	18.6	1.51949e-08	2.62612e-11
-4.5	19.1	9.9175e-09	1.78254e-11
-4.5	19.6	6.48054e-09	2.37675e-11
-4.5	20.1	4.23867e-09	2.76518e-11
-4.5	20.6	2.77439e-09	1.81963e-11
-4.5	21.1	1.81691e-09	2.8062e-11
-4.5	21.6	1.19033e-09	2.463e-11
-4.5	22.1	7.80001e-10	2.15528e-11
-4.5	22.6	5.11157e-10	2.17113e-11
-4.5	23.1	3.34971e-10	2.70955e-11
-4.5	23.6	2.19495e-10	2.54218e-11
-4.5	24.1	1.43833e-10	2.71323e-11
-4.5	24.6	9.4226e-11	1.90142e-11
-4.5	25.1	6.17855e-11	2.02683e-11
-4.5	25.6	4.05684e-11	2.11628e-11
-4.5	26.1	2.65726e-11	2.95026e-11
-4.5	26.6	1.74315e-11	1.88847e-11
-4.5	27.1	1.14226e-11	1.19972e-11
-4.5	27.6	7.47819e-12	7.55095e-12
-4.5	28.1	4.89252e-12	4.69647e-12
-4.5	28.6	3.19995e-12	2.8756e-12
-4.5	29.1	2.0935e-12	1.72293e-12
-4.5	29.6	1.37111e-12	1.00011e-12
-4.5	30.1	9.00211e-13	5.60086e-13
-4.5	30.6	5.93737e-13	3.21895e-13
-4.5	31.1	3.93295e-13	1.85172e-13
-4.5	31.6	2.61876e-13	1.22341e-13
-4.5	32.1	1.74903e-13	1.1866e-13
-4.5	32.6	1.16438e-13	1.01961e-13
-4.5	33.1	7.71448e-14	7.90914e-14
-4.5	33.6	5.12271e-14	6.15482e-14
-4.5	34.1	3.4254e-14	4.91184e-14
-4.5	34.6	2.29893e-14	3.84045e-14
-4.5	35.1	1.54897e-14	2.9554e-14
-4.5	35.6	1.04792e-14	2.24594e-14
-4.5	36.1	7.11783e-15	1.6887e-14
-4.5	36.6	4.8533e-15	1.25826e-14
-4.5	37.1	3.3211e-15	9.30196e-15
-4.5	37.6	2.27996e-15	6.82912e-15
-4.5	38.1	1.63176e-15	5.65626e-15
-4.5	38.6	1.24425e-15	5.18224e-15
-4.5	39.1	9.61397e-16	4.65273e-15
-4.5	39.6	6.90289e-16	4.65273e-15
-4.5	40.1	4.97076e-16	4.65273e-15
-4	0.1	0.0345375	2.92225e-11
-4	0.6	0.364427	2.95852e-11
-4	1.1	0.422935	2.94585e-11
-4	1.6	0.349315	2.94552e-11
-4	2.1	0.254646	2.92459e-11
-4	2.6	0.171826	2.95817e-11
-4	3.1	0.110161	2.95811e-11
-4	3.6	0.0683466	2.91131e-11
-4	4.1	0.0415979	2.94885e-11
-4	4.6	0.0250882	2.88933e-11
-4	5.1	0.0151028	2.92021e-11
-4	5.6	0.00912079	2.88097e-11
-4	6.1	0.00554449	2.95905e-11
-4	6.6	0.00340006	2.89079e-11
-4	7.1	0.00210603	2.94319e-11
-4	7.6	0.00131853	2.86746e-11
-4	8.1	0.000834589	2.78312e-11
-4	8.6	0.000534065	2.89808e-11
-4	9.1	0.000345428	2.7131e-11
-4	9.6	0.000225742	2.86e-11
-4	10.1	0.000148997	2.84424e-11
-4	10.6	9.92789e-05	2.90368e-11
-4	11.1	6.67486e-05	2.78323e-11
-4	11.6	4.52614e-05	2.9371e-11
-4	12.1	3.09393e-05	2.71468e-11
-4	12.6	2.13105e-05	2.87393e-11
-4	13.1	1.47839e-05	2.71803e-11
-4	13.6	1.03256e-05	2.78091e-11
-4	14.1	7.25776e-06	2.7919e-11
-4	14.6	5.13203e-06	2.95773e-11
-4	15.1	3.64942e-06	2.79522e-11
-4	15.6	2.60894e-06	2.79246e-11
-4	16.1	1.87444e-06	2.74424e-11
-4	16.6	1.35308e-06	2.2628e-11
-4	17.1	9.81066e-07	2.75414e-11
-4	17.6	7.14306e-07	2.73892e-11
-4	18.1	5.22126e-07	2.80265e-11
-4	18.6	3.83065e-07	2.50828e-11
-4	19.1	2.82022e-07	2.70894e-11
-4	19.6	2.08314e-07	2.74423e-11
-4	20.1	1.54346e-07	2.946e-11
-4	20.6	1.14692e-07	2.67555e-11
-4	21.1	8.546e-08	2.44907e-11
-4	21.6	6.38422e-08	2.93576e-11
-4	22.1	4.78083e-08	2.84304e-11
-4	22.6	3.58828e-08	2.37733e-11
-4	23.1	2.69896e-08	1.77112e-11
-4	23.6	2.03411e-08	2.5791e-11
-4	24.1	1.53592e-08	1.97381e-11
-4	24.6	1.16179e-08	2.28691e-11
-4	25.1	8.80233e-09	1.75379e-11
-4	25.6	6.67936e-09	1.35015e-11
-4	26.1	5.07566e-09	1.04246e-11
-4	26.6	3.86213e-09	8.06954e-12
-4	27.1	2.94237e-09	6.26132e-12
-4	27.6	2.24422e-09	2.28658e-11
-4	28.1	1.71352e-09	1.73593e-11
-4	28.6	1.3096e-09	2.72298e-11
-4	29.1	1.00177e-09	2.08391e-11
-4	29.6	7.66937e-10	2.71296e-11
-4	30.1	5.8756e-10	2.09084e-11
-4	30.6	4.50472e-10	2.32162e-11
-4	31.1	3.45584e-10	2.45346e-11
-4	31.6	2.65218e-10	1.80289e-11
-4	32.1	2.03732e-10	2.27711e-11
-4	32.6	1.5657e-10	2.26165e-11
-4	33.1	1.20372e-10	2.08363e-11
-4	33.6	9.2865e-11	2.76914e-11
-4	34.1	7.13831e-11	2.10535e-11
-4	34.6	5.48784e-11	1.60094e-11
-4	35.1	4.27396e-11	2.28426e-11
-4	35.6	3.28645e-11	1.74841e-11
-4	36.1	2.52717e-11	1.34089e-11
-4	36.6	2.12791e-11	2.61919e-11
-4	37.1	1.75156e-11	2.81649e-11
-4	37.6	1.35038e-11	2.17059e-11
-4	38.1	1.04058e-11	1.67152e-11
-4	38.6	8.01436e-12	1.28613e-11
-4	39.1	6.16899e-12	9.88703e-12
-4	39.6	4.74559e-12	7.5932e-12
-4	40.1	3.64822e-12	5.82545e-12
-3.5	0.1	0.0317823	2.93694e-11
-3.5	0.6	0.355761	2.96124e-11
-3.5	1.1	0.442427	2.96209e-11
-3.5	1.6	0.38768	2.95068e-11
-3.5	2.1	0.293068	2.90906e-11
-3.5	2.6	0.205433	2.94353e-11
-3.5	3.1	0.137011	2.96324e-11
-3.5	3.6	0.0885249	2.95706e-11
-3.5	4.1	0.056162	2.9501e-11
-3.5	4.6	0.0353351	2.90256e-11
-3.5	5.1	0.0222057	2.95743e-11
-3.5	5.6	0.0140082	2.92077e-11
-3.5	6.1	0.0089003	2.92935e-11
-3.5	6.6	0.00570767	2.94041e-11
-3.5	7.1	0.00369907	2.94607e-11
-3.5	7.6	0.00242432	2.83296e-11
-3.5	8.1	0.00160715	2.90047e-11
-3.5	8.6	0.00107764	2.80506e-11
-3.5	9.1	0.000730697	2.83826e-11
-3.5	9.6	0.000500843	2.94977e-11
-3.5	10.1	0.000346884	2.92966e-11
-3.5	10.6	0.000242654	2.93563e-11
-3.5	11.1	0.000171359	2.83673e-11
-3.5	11.6	0.000122106	2.84762e-11
-3.5	12.1	8.7756e-05	2.85902e-11
-3.5	12.6	6.35819e-05	2.68765e-11
-3.5	13.1	4.64215e-05	2.77317e-11
-3.5	13.6	3.41395e-05	2.86846e-11
-3.5	14.1	2.52801e-05	2.9474e-11
-3.5	14.6	1.8842e-05	2.95318e-11
-3.5	15.1	1.41303e-05	2.81444e-11
-3.5	15.6	1.06589e-05	2.86392e-11
-3.5	16.1	8.08499e-06	2.57848e-11
-3.5	16.6	6.16493e-06	2.5688e-11
-3.5	17.1	4.72435e-06	2.45306e-11
-3.5	17.6	3.63759e-06	2.75724e-11
-3.5	18.1	2.81346e-06	2.79175e-11
-3.5	18.6	2.18538e-06	2.92696e-11
-3.5	19.1	1.70445e-06	2.59924e-11
-3.5	19.6	1.33453e-06	2.44045e-11
-3.5	20.1	1.04876e-06	2.68829e-11
-3.5	20.6	8.27093e-07	2.72445e-11
-3.5	21.1	6.5448e-07	2.90309e-11
-3.5	21.6	5.19557e-07	2.75178e-11
-3.5	22.1	4.13715e-07	2.90313e-11
-3.5	22.6	3.30403e-07	2.80007e-11
-3.5	23.1	2.64609e-07	2.61041e-11
-3.5	23.6	2.12485e-07	2.69936e-11
-3.5	24.1	1.71068e-07	2.42233e-11
-3.5	24.6	1.38063e-07	2.55357e-11
-3.5	25.1	1.11688e-07	2.87306e-11
-3.5	25.6	9.05556e-08	2.23213e-11
-3.5	26.1	7.35808e-08	2.45907e-11
-3.5	26.6	5.99123e-08	1.79779e-11
-3.5	27.1	4.88799e-08	1.42126e-11
-3.5	27.6	3.99553e-08	1.1299e-11
-3.5	28.1	3.27201e-08	2.60721e-11
-3.5	28.6	2.68423e-08	2.95926e-11
-3.5	29.1	2.20577e-08	2.44641e-11
-3.5	29.6	1.81553e-08	2.02122e-11
-3.5	30.1	1.49667e-08	1.6729e-11
-3.5	30.6	1.23566e-08	1.38423e-11
-3.5	31.1	1.02165e-08	1.97689e-11
-3.5	31.6	8.45867e-09	1.95703e-11
-3.5	32.1	7.01265e-09	1.51914e-11
-3.5	32.6	5.82129e-09	1.29956e-11
-3.5	33.1	4.83828e-09	1.09366e-11
-3.5	33.6	4.02603e-09	9.098e-12
-3.5	34.1	3.35388e-09	2.69588e-11
-3.5	34.6	2.79713e-09	2.4001e-11
-3.5	35.1	2.33519e-09	2.63548e-11
-3.5	35.6	1.95151e-09	2.47872e-11
-3.5	36.1	1.63248e-09	2.44771e-11
-3.5	36.6	1.36687e-09	1.83284e-11
-3.5	37.1	1.14555e-09	1.96224e-11
-3.5	37.6	9.6089e-10	2.62035e-11
-3.5	38.1	8.0664e-10	2.13912e-11
-3.5	38.6	6.7773e-10	2.81873e-11
-3.5	39.1	5.69823e-10	2.36734e-11
-3.5	39.6	4.79449e-10	2.01749e-11
-3.5	40.1	4.03746e-10	2.545e-11
-3	0.1	0.0287186	2.95893e-11
-3	0.6	0.340207	2.93407e-11
-3	1.1	0.444237	2.95735e-11
-3	1.6	0.403809	2.89548e-11
-3	2.1	0.317154	2.95364e-11
-3	2.6	0.228865	2.93799e-11
-3	3.1	0.156285	2.93765e-11
-3	3.6	0.103448	2.9537e-11
-3	4.1	0.0672665	2.95044e-11
-3	4.6	0.0433938	2.9459e-11
-3	5.1	0.02797	2.92031e-11
-3	5.6	0.0181024	2.90928e-11
-3	6.1	0.0118031	2.89436e-11
-3	6.6	0.00776929	2.92813e-11
-3	7.1	0.00516935	2.94996e-11
-3	7.6	0.00347887	2.91086e-11
-3	8.1	0.00236859	2.92179e-11
-3	8.6	0.00163142	2.96106e-11
-3	9.1	0.00113649	2.95699e-11
-3	9.6	0.000800458	2.86371e-11
-3	10.1	0.000569772	2.8632e-11
-3	10.6	0.000409691	2.84054e-11
-3	11.1	0.000297439	2.82372e-11
-3	11.6	0.000217933	2.88833e-11
-3	12.1	0.000161075	2.92357e-11
-3	12.6	0.000120039	2.9168e-11
-3	13.1	9.01601e-05	2.70494e-11
-3	13.6	6.82231e-05	2.72316e-11
-3	14.1	5.19882e-05	2.55845e-11
-3	14.6	3.9882e-05	2.94177e-11
-3	15.1	3.07892e-05	2.68936e-11
-3	15.6	2.39128e-05	2.67756e-11
-3	16.1	1.86785e-05	2.73287e-11
-3	16.6	1.46693e-05	2.49723e-11
-3	17.1	1.15802e-05	2.45055e-11
-3	17.6	9.18667e-06	2.55371e-11
-3	18.1	7.32203e-06	2.33654e-11
-3	18.6	5.86195e-06	2.80443e-11
-3	19.1	4.71303e-06	2.5912e-11
-3	19.6	3.80471e-06	2.55694e-11
-3	20.1	3.08339e-06	2.76611e-11
-3	20.6	2.50811e-06	2.83786e-11
-3	21.1	2.04742e-06	2.60221e-11
-3	21.6	1.67704e-06	2.83568e-11
-3	22.1	1.37814e-06	2.6845e-11
-3	22.6	1.13606e-06	2.93042e-11
-3	23.1	9.39305e-07	2.73551e-11
-3	23.6	7.78866e-07	2.76628e-11
-3	24.1	6.47618e-07	2.88812e-11
-3	24.6	5.39918e-07	2.64767e-11
-3	25.1	4.5128e-07	2.5998e-11
-3	25.6	3.78121e-07	2.94649e-11
-3	26.1	3.17573e-07	2.43485e-11
-3	26.6	2.67329e-07	2.48771e-11
-3	27.1	2.25529e-07	2.87266e-11
-3	27.6	1.90669e-07	2.78875e-11
-3	28.1	1.61527e-07	2.68666e-11
-3	28.6	1.37109e-07	2.89887e-11
-3	29.1	1.16604e-07	2.62246e-11
-3	29.6	9.93488e-08	2.45451e-11
-3	30.1	8.47976e-08	2.80065e-11
-3	30.6	7.25022e-08	2.41438e-11
-3	31.1	6.20929e-08	2.63858e-11
-3	31.6	5.32638e-08	2.70987e-11
-3	32.1	4.57614e-08	2.27323e-11
-3	32.6	3.93752e-08	2.64169e-11
-3	33.1	3.39298e-08	2.21232e-11
-3	33.6	2.9279e-08	2.59717e-11
-3	34.1	2.53004e-08	2.18416e-11
-3	34.6	2.18916e-08	2.61715e-11
-3	35.1	1.89666e-08	2.48389e-11
-3	35.6	1.64532e-08	1.68446e-11
-3	36.1	1.42901e-08	1.41589e-11
-3	36.6	1.24261e-08	2.38425e-11
-3	37.1	1.08177e-08	2.32829e-11
-3	37.6	9.42779e-09	1.04406e-11
-3	38.1	8.22553e-09	8.71844e-12
-3	38.6	7.18416e-09	7.27653e-12
-3	39.1	6.28137e-09	2.5853e-11
-3	39.6	5.4974e-09	2.61058e-11
-3	40.1	4.81576e-09	2.01299e-11
-2.5	0.1	0.0255971	2.84803e-11
-2.5	0.6	0.320418	2.96015e-11
-2.5	1.1	0.436796	2.94945e-11
-2.5	1.6	0.408631	2.92994e-11
-2.5	2.1	0.328475	2.94732e-11
-2.5	2.6	0.241961	2.95795e-11
-2.5	3.1	0.168628	2.96011e-11
-2.5	3.6	0.113542	2.93892e-11
-2.5	4.1	0.0749795	2.92885e-11
-2.5	4.6	0.0490963	2.94994e-11
-2.5	5.1	0.0321264	2.94554e-11
-2.5	5.6	0.0211111	2.93286e-11
-2.5	6.1	0.0139774	2.90981e-11
-2.5	6.6	0.00934348	2.91851e-11
-2.5	7.1	0.00631393	2.87276e-11
-2.5	7.6	0.00431592	2.92629e-11
-2.5	8.1	0.00298487	2.92313e-11
-2.5	8.6	0.0020885	2.85264e-11
-2.5	9.1	0.00147807	2.89875e-11
-2.5	9.6	0.00105768	2.93003e-11
-2.5	10.1	0.00076495	2.83291e-11
-2.5	10.6	0.000558892	2.88859e-11
-2.5	11.1	0.000412322	2.91159e-11
-2.5	11.6	0.000307009	2.94685e-11
-2.5	12.1	0.000230607	2.85381e-11
-2.5	12.6	0.000174665	2.83627e-11
-2.5	13.1	0.000133341	2.75502e-11
-2.5	13.6	0.000102559	2.50235e-11
-2.5	14.1	7.94439e-05	2.20974e-11
-2.5	14.6	6.19544e-05	2.32233e-11
-2.5	15.1	4.86248e-05	2.94676e-11
-2.5	15.6	3.83953e-05	2.6827e-11
-2.5	16.1	3.04932e-05	2.63446e-11
-2.5	16.6	2.43505e-05	2.95787e-11
-2.5	17.1	1.9547e-05	2.6944e-11
-2.5	17.6	1.57692e-05	2.44019e-11
-2.5	18.1	1.2782e-05	2.54109e-11
-2.5	18.6	1.04075e-05	2.9136e-11
-2.5	19.1	8.51078e-06	2.91411e-11
-2.5	19.6	6.98846e-06	2.45631e-11
-2.5	20.1	5.76109e-06	2.58563e-11
-2.5	20.6	4.76721e-06	2.95279e-11
-2.5	21.1	3.95906e-06	2.44684e-11
-2.5	21.6	3.2993e-06	2.6928e-11
-2.5	22.1	2.75862e-06	2.73775e-11
-2.5	22.6	2.3139e-06	2.8229e-11
-2.5	23.1	1.94681e-06	2.65101e-11
-2.5	23.6	1.64278e-06	2.68807e-11
-2.5	24.1	1.39014e-06	2.83104e-11
-2.5	24.6	1.17956e-06	2.87432e-11
-2.5	25.1	1.0035e-06	2.4912e-11
-2.5	25.6	8.55873e-07	2.52368e-11
-2.5	26.1	7.31738e-07	2.53021e-11
-2.5	26.6	6.27075e-07	2.46149e-11
-2.5	27.1	5.38598e-07	2.90071e-11
-2.5	27.6	4.63616e-07	2.44926e-11
-2.5	28.1	3.99914e-07	2.81759e-11
-2.5	28.6	3.45669e-07	2.42168e-11
-2.5	29.1	2.99371e-07	2.64492e-11
-2.5	29.6	2.59769e-07	2.88684e-11
-2.5	30.1	2.25821e-07	2.66433e-11
-2.5	30.6	1.96661e-07	2.93847e-11
-2.5	31.1	1.71563e-07	2.8101e-11
-2.5	31.6	1.4992e-07	1.91324e-11
-2.5	32.1	1.3122e-07	1.63819e-11
-2.5	32.6	1.15033e-07	1.80433e-11
-2.5	33.1	1.00998e-07	2.52648e-11
-2.5	33.6	8.88073e-08	2.11392e-11
-2.5	34.1	7.82007e-08	2.55592e-11
-2.5	34.6	6.89574e-08	2.15139e-11
-2.5	35.1	6.08896e-08	2.61728e-11
-2.5	35.6	5.3837e-08	2.2031e-11
-2.5	36.1	4.76623e-08	2.69101e-11
-2.5	36.6	4.22487e-08	2.91196e-11
-2.5	37.1	3.74959e-08	2.59335e-11
-2.5	37.6	3.33173e-08	2.18955e-11
-2.5	38.1	2.96386e-08	1.8368e-11
-2.5	38.6	2.63958e-08	2.77241e-11
-2.5	39.1	2.35336e-08	2.34686e-11
-2.5	39.6	2.10042e-08	2.79951e-11
-2.5	40.1	1.87662e-08	2.37097e-11
-2	0.1	0.0225649	2.7639e-11
-2	0.6	0.298181	2.92694e-11
-2	1.1	0.423245	2.95386e-11
-2	1.6	0.406023	2.90666e-11
-2	2.1	0.332539	2.96057e-11
-2	2.6	0.248786	2.96281e-11
-2	3.1	0.175745	2.94072e-11
-2	3.6	0.119776	2.95493e-11
-2	4.1	0.0799801	2.9326e-11
-2	4.6	0.0529089	2.93241e-11
-2	5.1	0.0349468	2.92442e-11
-2	5.6	0.023171	2.89677e-11
-2	6.1	0.0154765	2.93501e-11
-2	6.6	0.0104367	2.92671e-11
-2	7.1	0.00711523	2.894e-11
-2	7.6	0.00490877	2.96143e-11
-2	8.1	0.00342649	2.84957e-11
-2	8.6	0.00241988	2.91977e-11
-2	9.1	0.00172863	2.87822e-11
-2	9.6	0.00124859	2.9069e-11
-2	10.1	0.000911521	2.9002e-11
-2	10.6	0.000672265	2.95593e-11
-2	11.1	0.000500652	2.93309e-11
-2	11.6	0.000376313	2.91504e-11
-2	12.1	0.000285349	2.89667e-11
-2	12.6	0.000218185	2.8674e-11
-2	13.1	0.000168154	2.92373e-11
-2	13.6	0.000130572	2.63367e-11
-2	14.1	0.000102113	2.44228e-11
-2	14.6	8.03972e-05	2.9448e-11
-2	15.1	6.37068e-05	2.95176e-11
-2	15.6	5.07896e-05	2.59922e-11
-2	16.1	4.07264e-05	2.93686e-11
-2	16.6	3.28373e-05	2.76612e-11
-2	17.1	2.66154e-05	2.79808e-11
-2	17.6	2.16803e-05	2.80421e-11
-2	18.1	1.77445e-05	2.65225e-11
-2	18.6	1.45893e-05	2.77303e-11
-2	19.1	1.20472e-05	2.82779e-11
-2	19.6	9.98932e-06	2.88541e-11
-2	20.1	8.31582e-06	2.7686e-11
-2	20.6	6.94897e-06	2.60763e-11
-2	21.1	5.8279e-06	2.5595e-11
-2	21.6	4.90473e-06	2.63057e-11
-2	22.1	4.14159e-06	2.86907e-11
-2	22.6	3.50841e-06	2.70041e-11
-2	23.1	2.98119e-06	2.96167e-11
-2	23.6	2.5407e-06	2.79585e-11
-2	24.1	2.17146e-06	2.95507e-11
-2	24.6	1.86097e-06	2.92765e-11
-2	25.1	1.59909e-06	2.35737e-11
-2	25.6	1.37755e-06	2.68038e-11
-2	26.1	1.18962e-06	2.26e-11
-2	26.6	1.02976e-06	2.00616e-11
-2	27.1	8.93414e-07	2.71007e-11
-2	27.6	7.76832e-07	2.87057e-11
-2	28.1	6.76902e-07	2.79562e-11
-2	28.6	5.91042e-07	2.54017e-11
-2	29.1	5.17102e-07	2.22756e-11
-2	29.6	4.53285e-07	2.82778e-11
-2	30.1	3.98086e-07	2.47676e-11
-2	30.6	3.50241e-07	2.86979e-11
-2	31.1	3.08687e-07	2.51288e-11
-2	31.6	2.72527e-07	2.93539e-11
-2	32.1	2.40998e-07	2.55968e-11
-2	32.6	2.13458e-07	2.26923e-11
-2	33.1	1.89359e-07	2.00727e-11
-2	33.6	1.68235e-07	1.73733e-11
-2	34.1	1.49686e-07	2.94002e-11
-2	34.6	1.33371e-07	2.45579e-11
-2	35.1	1.19e-07	2.05887e-11
-2	35.6	1.0632e-07	2.71452e-11
-2	36.1	9.5116e-08	2.28879e-11
-2	36.6	8.52008e-08	2.83836e-11
-2	37.1	7.64143e-08	2.63132e-11
-2	37.6	6.86165e-08	2.94018e-11
-2	38.1	6.16875e-08	2.49799e-11
-2	38.6	5.55219e-08	2.12067e-11
-2	39.1	5.00285e-08	1.84192e-11
-2	39.6	4.51279e-08	1.68675e-11
-2	40.1	4.07507e-08	1.50188e-11
-1.5	0.1	0.0197016	2.7362e-11
-1.5	0.6	0.274677	2.93081e-11
-1.5	1.1	0.405614	2.94555e-11
-1.5	1.6	0.398439	2.93206e-11
-1.5	2.1	0.331771	2.9415e-11
-1.5	2.6	0.251428	2.92852e-11
-1.5	3.1	0.179489	2.91955e-11
-1.5	3.6	0.123417	2.93511e-11
-1.5	4.1	0.0830448	2.95986e-11
-1.5	4.6	0.0553125	2.96271e-11
-1.5	5.1	0.0367637	2.91753e-11
-1.5	5.6	0.0245193	2.89809e-11
-1.5	6.1	0.0164696	2.90957e-11
-1.5	6.6	0.0111675	2.93436e-11
-1.5	7.1	0.00765451	2.88183e-11
-1.5	7.6	0.00530731	2.93786e-11
-1.5	8.1	0.00372339	2.92953e-11
-1.5	8.6	0.00264299	2.87203e-11
-1.5	9.1	0.00189776	2.87897e-11
-1.5	9.6	0.00137792	2.85367e-11
-1.5	10.1	0.00101125	2.89895e-11
-1.5	10.6	0.000749793	2.88348e-11
-1.5	11.1	0.000561393	2.96294e-11
-1.5	11.6	0.000424254	2.81604e-11
-1.5	12.1	0.000323481	2.81886e-11
-1.5	12.6	0.000248715	2.74078e-11
-1.5	13.1	0.00019275	2.695e-11
-1.5	13.6	0.000150503	2.55568e-11
-1.5	14.1	0.000118356	2.63908e-11
-1.5	14.6	9.37063e-05	2.5335e-11
-1.5	15.1	7.4668e-05	2.59321e-11
-1.5	15.6	5.98614e-05	2.83619e-11
-1.5	16.1	4.82698e-05	2.68573e-11
-1.5	16.6	3.91378e-05	2.87469e-11
-1.5	17.1	3.19004e-05	2.77194e-11
-1.5	17.6	2.61315e-05	2.68486e-11
-1.5	18.1	2.15082e-05	2.71122e-11
-1.5	18.6	1.77834e-05	2.76032e-11
-1.5	19.1	1.47677e-05	2.69125e-11
-1.5	19.6	1.23143e-05	2.81052e-11
-1.5	20.1	1.03094e-05	2.63713e-11
-1.5	20.6	8.66369e-06	2.7995e-11
-1.5	21.1	7.30723e-06	2.62009e-11
-1.5	21.6	6.18468e-06	2.89188e-11
-1.5	22.1	5.2521e-06	2.68709e-11
-1.5	22.6	4.47449e-06	2.73035e-11
-1.5	23.1	3.82379e-06	2.87858e-11
-1.5	23.6	3.27741e-06	2.80379e-11
-1.5	24.1	2.81713e-06	2.54126e-11
-1.5	24.6	2.42814e-06	2.75796e-11
-1.5	25.1	2.09841e-06	2.3103e-11
-1.5	25.6	1.81808e-06	2.54575e-11
-1.5	26.1	1.57907e-06	2.90658e-11
-1.5	26.6	1.37474e-06	2.49161e-11
-1.5	27.1	1.19959e-06	2.63497e-11
-1.5	27.6	1.04908e-06	2.84522e-11
-1.5	28.1	9.19409e-07	2.58453e-11
-1.5	28.6	8.07434e-07	2.27514e-11
-1.5	29.1	7.10515e-07	2.6972e-11
-1.5	29.6	6.2644e-07	2.39678e-11
-1.5	30.1	5.5335e-07	2.1436e-11
-1.5	30.6	4.89676e-07	2.70009e-11
-1.5	31.1	4.34091e-07	2.54812e-11
-1.5	31.6	3.85474e-07	2.5613e-11
-1.5	32.1	3.42869e-07	2.88864e-11
-1.5	32.6	3.05463e-07	2.90844e-11
-1.5	33.1	2.72563e-07	2.72403e-11
-1.5	33.6	2.43575e-07	2.31598e-11
-1.5	34.1	2.1799e-07	2.88568e-11
-1.5	34.6	1.95373e-07	2.85249e-11
-1.5	35.1	1.75346e-07	2.52015e-11
-1.5	35.6	1.57585e-07	2.95152e-11
-1.5	36.1	1.4181e-07	2.53852e-11
-1.5	36.6	1.27778e-07	2.88367e-11
-1.5	37.1	1.15278e-07	2.92252e-11
-1.5	37.6	1.04128e-07	2.35934e-11
-1.5	38.1	9.41676e-08	2.43012e-11
-1.5	38.6	8.5258e-08	2.16971e-11
-1.5	39.1	7.72791e-08	1.84369e-11
-1.5	39.6	7.01239e-08	1.57246e-11
-1.5	40.1	6.36996e-08	2.72477e-11
-1	0.1	0.0170454	2.81894e-11
-1	0.6	0.250684	2.92292e-11
-1	1.1	0.385173	2.944e-11
-1	1.6	0.387403	2.91759e-11
-1	2.1	0.32773	2.92117e-11
-1	2.6	0.251285	2.91219e-11
-1	3.1	0.181005	2.96033e-11
-1	3.6	0.125339	2.94654e-11
-1	4.1	0.0848172	2.9479e-11
-1	4.6	0.0567581	2.94615e-11
-1	5.1	0.037876	2.95754e-11
-1	5.6	0.0253513	2.96051e-11
-1	6.1	0.0170844	2.87944e-11
-1	6.6	0.0116203	2.92579e-11
-1	7.1	0.00798873	2.95012e-11
-1	7.6	0.00555533	2.93517e-11
-1	8.1	0.00390876	2.86131e-11
-1	8.6	0.00278264	2.87074e-11
-1	9.1	0.00200387	2.85943e-11
-1	9.6	0.00145922	2.95793e-11
-1	10.1	0.00107407	2.86821e-11
-1	10.6	0.000798736	2.87451e-11
-1	11.1	0.000599822	2.95628e-11
-1	11.6	0.000454657	2.93883e-11
-1	12.1	0.000347683	2.95836e-11
-1	12.6	0.000268116	2.82905e-11
-1	13.1	0.000208409	2.86412e-11
-1	13.6	0.000163223	2.66738e-11
-1	14.1	0.000128751	2.56274e-11
-1	14.6	0.000102251	2.93203e-11
-1	15.1	8.17289e-05	2.96165e-11
-1	15.6	6.57262e-05	2.50361e-11
-1	16.1	5.31647e-05	2.61977e-11
-1	16.6	4.32421e-05	2.84135e-11
-1	17.1	3.53568e-05	2.84314e-11
-1	17.6	2.90545e-05	2.84969e-11
-1	18.1	2.39898e-05	2.67486e-11
-1	18.6	1.98983e-05	2.83902e-11
-1	19.1	1.65766e-05	2.83616e-11
-1	19.6	1.38668e-05	2.73529e-11
-1	20.1	1.16461e-05	2.91948e-11
-1	20.6	9.81827e-06	2.65571e-11
-1	21.1	8.3075e-06	2.65052e-11
-1	21.6	7.05376e-06	2.73722e-11
-1	22.1	6.00931e-06	2.7606e-11
-1	22.6	5.13599e-06	2.92362e-11
-1	23.1	4.40316e-06	2.59183e-11
-1	23.6	3.7861e-06	2.7298e-11
-1	24.1	3.26483e-06	2.86404e-11
-1	24.6	2.82307e-06	2.42072e-11
-1	25.1	2.44755e-06	2.82044e-11
-1	25.6	2.1274e-06	2.77428e-11
-1	26.1	1.85368e-06	2.44802e-11
-1	26.6	1.61902e-06	2.7899e-11
-1	27.1	1.41731e-06	2.85789e-11
-1	27.6	1.24348e-06	2.63654e-11
-1	28.1	1.0933e-06	2.7808e-11
-1	28.6	9.63254e-07	2.46409e-11
-1	29.1	8.50375e-07	2.76425e-11
-1	29.6	7.52179e-07	2.52331e-11
-1	30.1	6.66572e-07	2.43686e-11
-1	30.6	5.91783e-07	2.32225e-11
-1	31.1	5.26312e-07	2.31138e-11
-1	31.6	4.68885e-07	2.3058e-11
-1	32.1	4.18417e-07	2.76204e-11
-1	32.6	3.73982e-07	2.46587e-11
-1	33.1	3.34788e-07	2.34665e-11
-1	33.6	3.00158e-07	2.91183e-11
-1	34.1	2.69508e-07	2.47034e-11
-1	34.6	2.42333e-07	2.87684e-11
-1	35.1	2.18204e-07	2.05441e-11
-1	35.6	1.96744e-07	2.3739e-11
-1	36.1	1.77628e-07	2.02753e-11
-1	36.6	1.60576e-07	2.57318e-11
-1	37.1	1.45343e-07	2.5499e-11
-1	37.6	1.31715e-07	1.88575e-11
-1	38.1	1.19507e-07	1.6908e-11
-1	38.6	1.08556e-07	2.69814e-11
-1	39.1	9.87203e-08	2.28975e-11
-1	39.6	8.98749e-08	1.95414e-11
-1	40.1	8.191e-08	1.65984e-11
-0.5	0.1	0.0146097	2.89286e-11
-0.5	0.6	0.226711	2.90353e-11
-0.5	1.1	0.362693	2.92888e-11
-0.5	1.6	0.373799	2.90689e-11
-0.5	2.1	0.321327	2.94007e-11
-0.5	2.6	0.249197	2.9578e-11
-0.5	3.1	0.180999	2.93421e-11
-0.5	3.6	0.126102	2.9308e-11
-0.5	4.1	0.0857181	2.94256e-11
-0.5	4.6	0.0575541	2.91422e-11
-0.5	5.1	0.0385065	2.9011e-11
-0.5	5.6	0.0258266	2.9323e-11
-0.5	6.1	0.0174348	2.8426e-11
-0.5	6.6	0.0118767	2.92311e-11
-0.5	7.1	0.00817649	2.94423e-11
-0.5	7.6	0.00569351	2.90879e-11
-0.5	8.1	0.00401123	2.89714e-11
-0.5	8.6	0.00285931	2.95422e-11
-0.5	9.1	0.00206177	2.86922e-11
-0.5	9.6	0.00150338	2.92644e-11
-0.5	10.1	0.00110806	2.89249e-11
-0.5	10.6	0.00082514	2.85409e-11
-0.5	11.1	0.000620512	2.94776e-11
-0.5	11.6	0.000471003	2.90743e-11
-0.5	12.1	0.000360698	2.90173e-11
-0.5	12.6	0.000278557	2.80795e-11
-0.5	13.1	0.000216842	2.80641e-11
-0.5	13.6	0.00017008	2.83234e-11
-0.5	14.1	0.000134361	2.78294e-11
-0.5	14.6	0.000106867	2.94587e-11
-0.5	15.1	8.55487e-05	2.63961e-11
-0.5	15.6	6.89036e-05	2.67118e-11
-0.5	16.1	5.5821e-05	2.67886e-11
-0.5	16.6	4.54731e-05	2.62351e-11
-0.5	17.1	3.7239e-05	2.65029e-11
-0.5	17.6	3.06492e-05	2.87254e-11
-0.5	18.1	2.53464e-05	2.77045e-11
-0.5	18.6	2.10568e-05	2.72607e-11
-0.5	19.1	1.75695e-05	2.61852e-11
-0.5	19.6	1.47208e-05	2.87119e-11
-0.5	20.1	1.23832e-05	2.78442e-11
-0.5	20.6	1.04564e-05	2.64736e-11
-0.5	21.1	8.86175e-06	2.8258e-11
-0.5	21.6	7.53655e-06	2.88381e-11
-0.5	22.1	6.43104e-06	2.87495e-11
-0.5	22.6	5.50537e-06	2.7171e-11
-0.5	23.1	4.72753e-06	2.44475e-11
-0.5	23.6	4.07166e-06	2.59356e-11
-0.5	24.1	3.51681e-06	2.86347e-11
-0.5	24.6	3.04594e-06	2.53003e-11
-0.5	25.1	2.64511e-06	2.32826e-11
-0.5	25.6	2.3029e-06	2.84278e-11
-0.5	26.1	2.0099e-06	2.71533e-11
-0.5	26.6	1.75835e-06	2.70256e-11
-0.5	27.1	1.54182e-06	2.8623e-11
-0.5	27.6	1.35494e-06	2.60488e-11
-0.5	28.1	1.19327e-06	2.86801e-11
-0.5	28.6	1.05307e-06	2.54392e-11
-0.5	29.1	9.312e-07	2.84047e-11
-0.5	29.6	8.25033e-07	2.66569e-11
-0.5	30.1	7.32344e-07	2.63825e-11
-0.5	30.6	6.51251e-07	2.54865e-11
-0.5	31.1	5.8016e-07	2.5799e-11
-0.5	31.6	5.17713e-07	2.55664e-11
-0.5	32.1	4.62749e-07	2.32056e-11
-0.5	32.6	4.14285e-07	2.22009e-11
-0.5	33.1	3.71478e-07	2.59688e-11
-0.5	33.6	3.336e-07	2.34759e-11
-0.5	34.1	3.00028e-07	2.74444e-11
-0.5	34.6	2.70221e-07	2.29119e-11
-0.5	35.1	2.43715e-07	2.0939e-11
-0.5	35.6	2.20108e-07	2.60717e-11
-0.5	36.1	1.9905e-07	2.22754e-11
-0.5	36.6	1.80238e-07	2.86779e-11
-0.5	37.1	1.63409e-07	2.9108e-11
-0.5	37.6	1.48332e-07	2.07233e-11
-0.5	38.1	1.34807e-07	1.84655e-11
-0.5	38.6	1.22657e-07	1.55742e-11
-0.5	39.1	1.11727e-07	2.54242e-11
-0.5	39.6	1.01885e-07	2.17057e-11
-0.5	40.1	9.30094e-08	1.84181e-11
0	0.1	0.0123928	2.94478e-11
0	0.6	0.203086	2.84346e-11
0	1.1	0.33863	2.94319e-11
0	1.6	0.358077	2.92248e-11
0	2.1	0.313012	2.9553e-11
0	2.6	0.245587	2.95535e-11
0	3.1	0.179838	2.92625e-11
0	3.6	0.126001	2.92843e-11
0	4.1	0.0859741	2.91308e-11
0	4.6	0.0578692	2.92916e-11
0	5.1	0.0387785	2.90131e-11
0	5.6	0.0260345	2.90348e-11
0	6.1	0.0175856	2.87892e-11
0	6.6	0.0119837	2.90043e-11
0	7.1	0.00825189	2.92603e-11
0	7.6	0.00574682	2.87491e-11
0	8.1	0.00404924	2.88637e-11
0	8.6	0.0028867	2.95665e-11
0	9.1	0.00208176	2.94574e-11
0	9.6	0.00151816	2.90084e-11
0	10.1	0.00111914	2.90139e-11
0	10.6	0.00083354	2.9491e-11
0	11.1	0.000626962	2.83383e-11
0	11.6	0.000476012	2.90363e-11
0	12.1	0.00036463	2.87699e-11
0	12.6	0.000281673	2.88899e-11
0	13.1	0.000219335	2.82642e-11
0	13.6	0.000172091	2.90862e-11
0	14.1	0.000135996	2.921e-11
0	14.6	0.000108206	2.79885e-11
0	15.1	8.66533e-05	2.64957e-11
0	15.6	6.98202e-05	2.70328e-11
0	16.1	5.65859e-05	2.91773e-11
0	16.6	4.6115e-05	2.74633e-11
0	17.1	3.77804e-05	2.81789e-11
0	17.6	3.1108e-05	2.37571e-11
0	18.1	2.57369e-05	2.39314e-11
0	18.6	2.13906e-05	2.4111e-11
0	19.1	1.78559e-05	2.74322e-11
0	19.6	1.49676e-05	2.61279e-11
0	20.1	1.25965e-05	2.74188e-11
0	20.6	1.06415e-05	2.90705e-11
0	21.1	9.02274e-06	2.52325e-11
0	21.6	7.67706e-06	2.61158e-11
0	22.1	6.55402e-06	2.73583e-11
0	22.6	5.61332e-06	2.90493e-11
0	23.1	4.82252e-06	2.75191e-11
0	23.6	4.15547e-06	2.56868e-11
0	24.1	3.59093e-06	2.50488e-11
0	24.6	3.11164e-06	2.80202e-11
0	25.1	2.70348e-06	2.79451e-11
0	25.6	2.35487e-06	2.73772e-11
0	26.1	2.05626e-06	2.56813e-11
0	26.6	1.7998e-06	2.73752e-11
0	27.1	1.57893e-06	2.28633e-11
0	27.6	1.38825e-06	2.539e-11
0	28.1	1.22321e-06	2.92741e-11
0	28.6	1.08002e-06	2.85509e-11
0	29.1	9.55511e-07	2.93336e-11
0	29.6	8.46994e-07	2.59504e-11
0	30.1	7.52213e-07	2.42384e-11
0	30.6	6.69255e-07	1.9879e-11
0	31.1	5.96497e-07	2.85129e-11
0	31.6	5.32559e-07	2.64681e-11
0	32.1	4.76264e-07	2.50369e-11
0	32.6	4.26606e-07	2.34509e-11
0	33.1	3.82724e-07	2.85329e-11
0	33.6	3.43878e-07	2.9554e-11
0	34.1	3.09431e-07	2.46414e-11
0	34.6	2.78835e-07	2.74014e-11
0	35.1	2.51614e-07	2.42996e-11
0	35.6	2.2736e-07	2.70763e-11
0	36.1	2.05716e-07	2.9382e-11
0	36.6	1.86371e-07	2.61665e-11
0	37.1	1.69057e-07	2.43003e-11
0	37.6	1.53539e-07	2.77401e-11
0	38.1	1.39612e-07	2.23712e-11
0	38.6	1.27095e-07	1.91589e-11
0	39.1	1.1583e-07	2.88587e-11
0	39.6	1.0568e-07	2.77976e-11
0	40.1	9.65246e-08	2.36315e-11
0.5	0.1	0.0103847	2.72843e-11
0.5	0.6	0.179995	2.8556e-11
0.5	1.1	0.313208	2.96085e-11
0.5	1.6	0.340389	2.91374e-11
0.5	2.1	0.302898	2.95021e-11
0.5	2.6	0.240557	2.93939e-11
0.5	3.1	0.177614	2.93832e-11
0.5	3.6	0.125112	2.95231e-11
0.5	4.1	0.0856462	2.96071e-11
0.5	4.6	0.0577494	2.95933e-11
0.5	5.1	0.0387256	2.95445e-11
0.5	5.6	0.0259994	2.92306e-11
0.5	6.1	0.0175543	2.88869e-11
0.5	6.6	0.0119539	2.89608e-11
0.5	7.1	0.0082243	2.88748e-11
0.5	7.6	0.00572218	2.87632e-11
0.5	8.1	0.00402791	2.90054e-11
0.5	8.6	0.00286867	2.9018e-11
0.5	9.1	0.00206675	2.84043e-11
0.5	9.6	0.00150579	2.9567e-11
0.5	10.1	0.001109	2.9438e-11
0.5	10.6	0.000825264	2.80616e-11
0.5	11.1	0.00062021	2.79197e-11
0.5	11.6	0.000470501	2.84948e-11
0.5	12.1	0.000360125	2.77855e-11
0.5	12.6	0.000277982	2.88321e-11
0.5	13.1	0.000216302	2.91449e-11
0.5	13.6	0.000169591	2.95954e-11
0.5	14.1	0.000133928	2.81614e-11
0.5	14.6	0.000106489	2.90081e-11
0.5	15.1	8.52223e-05	2.64065e-11
0.5	15.6	6.86234e-05	2.93731e-11
0.5	16.1	5.55813e-05	2.76943e-11
0.5	16.6	4.52686e-05	2.63335e-11
0.5	17.1	3.70647e-05	2.8394e-11
0.5	17.6	3.05007e-05	2.835e-11
0.5	18.1	2.52198e-05	2.21123e-11
0.5	18.6	2.09488e-05	2.39817e-11
0.5	19.1	1.74772e-05	2.95635e-11
0.5	19.6	1.46419e-05	2.76968e-11
0.5	20.1	1.23156e-05	2.27527e-11
0.5	20.6	1.03985e-05	2.69874e-11
0.5	21.1	8.81192e-06	2.65712e-11
0.5	21.6	7.49364e-06	2.95828e-11
0.5	22.1	6.39402e-06	2.50932e-11
0.5	22.6	5.47336e-06	2.92082e-11
0.5	23.1	4.6998e-06	2.48928e-11
0.5	23.6	4.04759e-06	2.94249e-11
0.5	24.1	3.49589e-06	2.75076e-11
0.5	24.6	3.02771e-06	2.90818e-11
0.5	25.1	2.62919e-06	2.85309e-11
0.5	25.6	2.28897e-06	2.86668e-11
0.5	26.1	1.9977e-06	2.25294e-11
0.5	26.6	1.74764e-06	2.48527e-11
0.5	27.1	1.53239e-06	2.93633e-11
0.5	27.6	1.34664e-06	2.73828e-11
0.5	28.1	1.18594e-06	2.80555e-11
0.5	28.6	1.04658e-06	2.62171e-11
0.5	29.1	9.25457e-07	2.207e-11
0.5	29.6	8.19938e-07	2.58739e-11
0.5	30.1	7.27816e-07	2.63584e-11
0.5	30.6	6.47221e-07	2.13882e-11
0.5	31.1	5.76568e-07	2.6249e-11
0.5	31.6	5.14506e-07	2.38858e-11
0.5	32.1	4.59888e-07	2.34211e-11
0.5	32.6	4.11731e-07	2.80961e-11
0.5	33.1	3.69193e-07	2.51721e-11
0.5	33.6	3.31553e-07	2.286e-11
0.5	34.1	2.98191e-07	2.87202e-11
0.5	34.6	2.68572e-07	2.89813e-11
0.5	35.1	2.42232e-07	2.88881e-11
0.5	35.6	2.18772e-07	2.69023e-11
0.5	36.1	1.97846e-07	2.00611e-11
0.5	36.6	1.79151e-07	2.95655e-11
0.5	37.1	1.62427e-07	2.46541e-11
0.5	37.6	1.47443e-07	2.16876e-11
0.5	38.1	1.34001e-07	1.95179e-11
0.5	38.6	1.21926e-07	2.7009e-11
0.5	39.1	1.11065e-07	2.28278e-11
0.5	39.6	1.01282e-07	2.1153e-11
0.5	40.1	9.24609e-08	2.59572e-11
1	0.1	0.00856945	2.74196e-11
1	0.6	0.157516	2.86628e-11
1	1.1	0.286487	2.95176e-11
1	1.6	0.320659	2.94487e-11
1	2.1	0.290823	2.95822e-11
1	2.6	0.233935	2.93625e-11
1	3.1	0.174174	2.95863e-11
1	3.6	0.123315	2.92856e-11
1	4.1	0.0846403	2.93844e-11
1	4.6	0.0571236	2.9533e-11
1	5.1	0.038295	2.9148e-11
1	5.6	0.0256822	2.94381e-11
1	6.1	0.0173124	2.95706e-11
1	6.6	0.0117666	2.93311e-11
1	7.1	0.00807836	2.87303e-11
1	7.6	0.00560831	2.8901e-11
1	8.1	0.00393895	2.92816e-11
1	8.6	0.00279905	2.84757e-11
1	9.1	0.00201213	2.90924e-11
1	9.6	0.0014628	2.95329e-11
1	10.1	0.00107503	2.86408e-11
1	10.6	0.000798307	2.86005e-11
1	11.1	0.000598715	2.81416e-11
1	11.6	0.000453277	2.90393e-11
1	12.1	0.000346253	2.8153e-11
1	12.6	0.000266753	2.94619e-11
1	13.1	0.000207166	2.78434e-11
1	13.6	0.000162121	2.86143e-11
1	14.1	0.00012779	2.93618e-11
1	14.6	0.000101422	2.94481e-11
1	15.1	8.10194e-05	2.59988e-11
1	15.6	6.51215e-05	2.75854e-11
1	16.1	5.26508e-05	2.6701e-11
1	16.6	4.28059e-05	2.92517e-11
1	17.1	3.49868e-05	2.95231e-11
1	17.6	2.87405e-05	2.86214e-11
1	18.1	2.37232e-05	2.90819e-11
1	18.6	1.96717e-05	2.94236e-11
1	19.1	1.63836e-05	2.85037e-11
1	19.6	1.37023e-05	2.54851e-11
1	20.1	1.15057e-05	2.45286e-11
1	20.6	9.69816e-06	2.26924e-11
1	21.1	8.20459e-06	2.37173e-11
1	21.6	6.96542e-06	2.78646e-11
1	22.1	5.93332e-06	2.80246e-11
1	22.6	5.0705e-06	2.64857e-11
1	23.1	4.34659e-06	2.74146e-11
1	23.6	3.73716e-06	2.57468e-11
1	24.1	3.22239e-06	2.84678e-11
1	24.6	2.78619e-06	2.90203e-11
1	25.1	2.41545e-06	2.8248e-11
1	25.6	2.0994e-06	2.58323e-11
1	26.1	1.82921e-06	2.51282e-11
1	26.6	1.59759e-06	2.71951e-11
1	27.1	1.39851e-06	2.50715e-11
1	27.6	1.22695e-06	2.54769e-11
1	28.1	1.07875e-06	2.64399e-11
1	28.6	9.50415e-07	2.75013e-11
1	29.1	8.39031e-07	2.72899e-11
1	29.6	7.42139e-07	2.78764e-11
1	30.1	6.57671e-07	2.8978e-11
1	30.6	5.83879e-07	2.37605e-11
1	31.1	5.19282e-07	2.60218e-11
1	31.6	4.62623e-07	2.88022e-11
1	32.1	4.1283e-07	2.40214e-11
1	32.6	3.68991e-07	2.65869e-11
1	33.1	3.30324e-07	2.92954e-11
1	33.6	2.96157e-07	2.93603e-11
1	34.1	2.65918e-07	2.91021e-11
1	34.6	2.39108e-07	2.8028e-11
1	35.1	2.15302e-07	2.51423e-11
1	35.6	1.94129e-07	2.26049e-11
1	36.1	1.7527e-07	2.06014e-11
1	36.6	1.58447e-07	1.91128e-11
1	37.1	1.43418e-07	1.76445e-11
1	37.6	1.29973e-07	1.62061e-11
1	38.1	1.17928e-07	1.5115e-11
1	38.6	1.07124e-07	2.12428e-11
1	39.1	9.74199e-08	2.92598e-11
1	39.6	8.86924e-08	2.48625e-11
1	40.1	8.08337e-08	2.12738e-11
1.5	0.1	0.00692826	2.79478e-11
1.5	0.6	0.13562	2.96154e-11
1.5	1.1	0.258367	2.93887e-11
1.5	1.6	0.298612	2.95718e-11
1.5	2.1	0.276376	2.95811e-11
1.5	2.6	0.225279	2.91622e-11
1.5	3.1	0.169119	2.94651e-11
1.5	3.6	0.120275	2.93663e-11
1.5	4.1	0.0826949	2.91996e-11
1.5	4.6	0.0557933	2.94719e-11
1.5	5.1	0.0373394	2.93592e-11
1.5	5.6	0.0249753	2.95808e-11
1.5	6.1	0.0167814	2.92525e-11
1.5	6.6	0.0113646	2.90034e-11
1.5	7.1	0.00777271	2.9134e-11
1.5	7.6	0.00537501	2.95392e-11
1.5	8.1	0.00376018	2.88841e-11
1.5	8.6	0.00266147	2.84232e-11
1.5	9.1	0.00190574	2.89474e-11
1.5	9.6	0.00138008	2.82186e-11
1.5	10.1	0.00101036	2.93214e-11
1.5	10.6	0.000747444	2.8936e-11
1.5	11.1	0.000558479	2.92101e-11
1.5	11.6	0.000421259	2.92504e-11
1.5	12.1	0.000320625	2.90866e-11
1.5	12.6	0.000246122	2.84861e-11
1.5	13.1	0.000190464	2.8443e-11
1.5	13.6	0.000148525	2.8547e-11
1.5	14.1	0.000116665	2.87133e-11
1.5	14.6	9.22718e-05	2.84536e-11
1.5	15.1	7.34565e-05	2.79637e-11
1.5	15.6	5.8841e-05	2.79944e-11
1.5	16.1	4.74115e-05	2.62377e-11
1.5	16.6	3.84162e-05	2.51683e-11
1.5	17.1	3.12933e-05	2.775e-11
1.5	17.6	2.56204e-05	2.77301e-11
1.5	18.1	2.10772e-05	2.68963e-11
1.5	18.6	1.74195e-05	2.80672e-11
1.5	19.1	1.44598e-05	2.93317e-11
1.5	19.6	1.20534e-05	2.6846e-11
1.5	20.1	1.00877e-05	2.6348e-11
1.5	20.6	8.475e-06	2.92134e-11
1.5	21.1	7.14624e-06	2.70828e-11
1.5	21.6	6.04702e-06	2.80274e-11
1.5	22.1	5.13414e-06	2.70128e-11
1.5	22.6	4.37318e-06	2.93535e-11
1.5	23.1	3.73658e-06	2.82265e-11
1.5	23.6	3.20218e-06	2.23929e-11
1.5	24.1	2.75209e-06	2.91548e-11
1.5	24.6	2.37179e-06	2.82591e-11
1.5	25.1	2.04949e-06	2.71023e-11
1.5	25.6	1.77552e-06	2.61576e-11
1.5	26.1	1.54197e-06	2.95618e-11
1.5	26.6	1.34234e-06	2.52115e-11
1.5	27.1	1.17124e-06	2.66001e-11
1.5	27.6	1.02421e-06	2.69984e-11
1.5	28.1	8.97568e-07	2.36599e-11
1.5	28.6	7.88212e-07	2.74361e-11
1.5	29.1	6.9357e-07	2.83308e-11
1.5	29.6	6.11478e-07	2.62553e-11
1.5	30.1	5.40115e-07	2.52662e-11
1.5	30.6	4.7795e-07	2.63119e-11
1.5	31.1	4.23687e-07	2.3376e-11
1.5	31.6	3.76226e-07	2.64956e-11
1.5	32.1	3.34637e-07	2.80684e-11
1.5	32.6	2.98125e-07	2.86384e-11
1.5	33.1	2.66012e-07	2.92131e-11
1.5	33.6	2.37719e-07	2.55717e-11
1.5	34.1	2.12748e-07	2.73842e-11
1.5	34.6	1.90674e-07	2.38408e-11
1.5	35.1	1.71128e-07	2.9492e-11
1.5	35.6	1.53794e-07	2.62494e-11
1.5	36.1	1.38399e-07	1.7109e-11
1.5	36.6	1.24705e-07	1.60824e-11
1.5	37.1	1.12506e-07	1.44437e-11
1.5	37.6	1.01624e-07	1.29912e-11
1.5	38.1	9.19041e-08	1.17151e-11
1.5	38.6	8.32098e-08	1.05642e-11
1.5	39.1	7.54231e-08	2.70897e-11
1.5	39.6	6.84403e-08	2.39612e-11
1.5	40.1	6.21706e-08	2.01209e-11
2	0.1	0.00544107	2.80735e-11
2	0.6	0.114186	2.95757e-11
2	1.1	0.228574	2.94554e-11
2	1.6	0.273779	2.9422e-11
2	2.1	0.258901	2.94085e-11
2	2.6	0.213867	2.95726e-11
2	3.1	0.161772	2.93994e-11
2	3.6	0.115422	2.9516e-11
2	4.1	0.0793573	2.91992e-11
2	4.6	0.0534154	2.91055e-11
2	5.1	0.0356057	2.92894e-11
2	5.6	0.0236951	2.93687e-11
2	6.1	0.0158295	2.95231e-11
2	6.6	0.0106537	2.89172e-11
2	7.1	0.00723968	2.86185e-11
2	7.6	0.00497366	2.86551e-11
2	8.1	0.00345652	2.85882e-11
2	8.6	0.00243046	2.84918e-11
2	9.1	0.00172895	2.82947e-11
2	9.6	0.00124394	2.83327e-11
2	10.1	0.000904845	2.84641e-11
2	10.6	0.000665131	2.80301e-11
2	11.1	0.000493846	2.87864e-11
2	11.6	0.000370183	2.782e-11
2	12.1	0.000280008	2.85983e-11
2	12.6	0.000213624	2.83414e-11
2	13.1	0.000164308	2.94916e-11
2	13.6	0.000127354	2.9611e-11
2	14.1	9.94337e-05	2.94289e-11
2	14.6	7.8173e-05	2.94867e-11
2	15.1	6.18623e-05	2.95622e-11
2	15.6	4.926e-05	2.93662e-11
2	16.1	3.94572e-05	2.86976e-11
2	16.6	3.17829e-05	2.80978e-11
2	17.1	2.57381e-05	2.74343e-11
2	17.6	2.09489e-05	2.72026e-11
2	18.1	1.71335e-05	2.62347e-11
2	18.6	1.40776e-05	2.80535e-11
2	19.1	1.16177e-05	2.75319e-11
2	19.6	9.62799e-06	2.88529e-11
2	20.1	8.01107e-06	2.80057e-11
2	20.6	6.6913e-06	2.77173e-11
2	21.1	5.6095e-06	2.6759e-11
2	21.6	4.71916e-06	2.77428e-11
2	22.1	3.98354e-06	2.8776e-11
2	22.6	3.37347e-06	2.54411e-11
2	23.1	2.86571e-06	2.91339e-11
2	23.6	2.44165e-06	2.9598e-11
2	24.1	2.08631e-06	2.37539e-11
2	24.6	1.7876e-06	2.63177e-11
2	25.1	1.53574e-06	2.92445e-11
2	25.6	1.32273e-06	2.87391e-11
2	26.1	1.14209e-06	2.91776e-11
2	26.6	9.88458e-07	2.63812e-11
2	27.1	8.57461e-07	2.77269e-11
2	27.6	7.45471e-07	2.89998e-11
2	28.1	6.49497e-07	2.85934e-11
2	28.6	5.6705e-07	2.8706e-11
2	29.1	4.9606e-07	2.68369e-11
2	29.6	4.34799e-07	2.82332e-11
2	30.1	3.81818e-07	2.91715e-11
2	30.6	3.35901e-07	2.89043e-11
2	31.1	2.96027e-07	2.70957e-11
2	31.6	2.61331e-07	2.82928e-11
2	32.1	2.31083e-07	2.90057e-11
2	32.6	2.04665e-07	2.94648e-11
2	33.1	1.81549e-07	2.95385e-11
2	33.6	1.61288e-07	2.94631e-11
2	34.1	1.43498e-07	2.60838e-11
2	34.6	1.27853e-07	2.87616e-11
2	35.1	1.14072e-07	2.55548e-11
2	35.6	1.01914e-07	2.68371e-11
2	36.1	9.11709e-08	2.7387e-11
2	36.6	8.16648e-08	2.70136e-11
2	37.1	7.3241e-08	2.7969e-11
2	37.6	6.57657e-08	2.96002e-11
2	38.1	5.91231e-08	2.70747e-11
2	38.6	5.32126e-08	2.47682e-11
2	39.1	4.79466e-08	1.9621e-11
2	39.6	4.32491e-08	1.79877e-11
2	40.1	3.90534e-08	1.64747e-11
2.5	0.1	0.00409072	2.79737e-11
2.5	0.6	0.0930361	2.8536e-11
2.5	1.1	0.196689	2.9483e-11
2.5	1.6	0.245518	2.94838e-11
2.5	2.1	0.237542	2.9221e-11
2.5	2.6	0.198717	2.95452e-11
2.5	3.1	0.151183	2.95894e-11
2.5	3.6	0.107939	2.9274e-11
2.5	4.1	0.0739798	2.93176e-11
2.5	4.6	0.0495027	2.93345e-11
2.5	5.1	0.0327404	2.93567e-11
2.5	5.6	0.0215907	2.88017e-11
2.5	6.1	0.0142811	2.92379e-11
2.5	6.6	0.00951185	2.90706e-11
2.5	7.1	0.00639488	2.89382e-11
2.5	7.6	0.00434588	2.88592e-11
2.5	8.1	0.00298752	2.92877e-11
2.5	8.6	0.00207796	2.88592e-11
2.5	9.1	0.00146227	2.90368e-11
2.5	9.6	0.0010408	2.93876e-11
2.5	10.1	0.000749026	2.91095e-11
2.5	10.6	0.000544776	2.91364e-11
2.5	11.1	0.000400242	2.87562e-11
2.5	11.6	0.00029689	2.85582e-11
2.5	12.1	0.000222242	2.89055e-11
2.5	12.6	0.000167806	2.88268e-11
2.5	13.1	0.000127744	2.87819e-11
2.5	13.6	9.80021e-05	2.7797e-11
2.5	14.1	7.57383e-05	2.85574e-11
2.5	14.6	5.89403e-05	2.94557e-11
2.5	15.1	4.61708e-05	2.93676e-11
2.5	15.6	3.63943e-05	2.87487e-11
2.5	16.1	2.88583e-05	2.70894e-11
2.5	16.6	2.30117e-05	2.74886e-11
2.5	17.1	1.8448e-05	2.76331e-11
2.5	17.6	1.48647e-05	2.63224e-11
2.5	18.1	1.20356e-05	2.69694e-11
2.5	18.6	9.78989e-06	2.92427e-11
2.5	19.1	7.9983e-06	2.9233e-11
2.5	19.6	6.56206e-06	2.60528e-11
2.5	20.1	5.40534e-06	2.8353e-11
2.5	20.6	4.46961e-06	2.9035e-11
2.5	21.1	3.70943e-06	2.75855e-11
2.5	21.6	3.08936e-06	2.89088e-11
2.5	22.1	2.58161e-06	2.82608e-11
2.5	22.6	2.16428e-06	2.74279e-11
2.5	23.1	1.82003e-06	2.45179e-11
2.5	23.6	1.5351e-06	2.29168e-11
2.5	24.1	1.29847e-06	2.78964e-11
2.5	24.6	1.10134e-06	2.45766e-11
2.5	25.1	9.36606e-07	2.93532e-11
2.5	25.6	7.98542e-07	2.83404e-11
2.5	26.1	6.825e-07	2.7179e-11
2.5	26.6	5.847e-07	2.89771e-11
2.5	27.1	5.02057e-07	2.71645e-11
2.5	27.6	4.32044e-07	2.86324e-11
2.5	28.1	3.72585e-07	2.81832e-11
2.5	28.6	3.21969e-07	2.84932e-11
2.5	29.1	2.78781e-07	2.80975e-11
2.5	29.6	2.41851e-07	2.65499e-11
2.5	30.1	2.10202e-07	2.80297e-11
2.5	30.6	1.83023e-07	2.68465e-11
2.5	31.1	1.59636e-07	2.77319e-11
2.5	31.6	1.39472e-07	2.20914e-11
2.5	32.1	1.22055e-07	2.44037e-11
2.5	32.6	1.06982e-07	2.552e-11
2.5	33.1	9.39149e-08	2.81871e-11
2.5	33.6	8.25669e-08	2.84594e-11
2.5	34.1	7.26953e-08	2.54383e-11
2.5	34.6	6.40941e-08	2.27921e-11
2.5	35.1	5.65879e-08	2.04774e-11
2.5	35.6	5.00272e-08	1.84241e-11
2.5	36.1	4.42843e-08	1.65736e-11
2.5	36.6	3.925e-08	1.49124e-11
2.5	37.1	3.48306e-08	2.68461e-11
2.5	37.6	3.09456e-08	2.39782e-11
2.5	38.1	2.75258e-08	2.83406e-11
2.5	38.6	2.45116e-08	2.52169e-11
2.5	39.1	2.18515e-08	2.24548e-11
2.5	39.6	1.95009e-08	2.00329e-11
2.5	40.1	1.74214e-08	1.79171e-11
3	0.1	0.00287078	2.85619e-11
3	0.6	0.0720395	2.88123e-11
3	1.1	0.162272	2.92227e-11
3	1.6	0.213055	2.94207e-11
3	2.1	0.211412	2.93545e-11
3	2.6	0.178743	2.92594e-11
3	3.1	0.136256	2.95298e-11
3	3.6	0.0968723	2.92892e-11
3	4.1	0.0658129	2.95047e-11
3	4.6	0.0435083	2.92937e-11
3	5.1	0.0283644	2.94676e-11
3	5.6	0.0184092	2.88228e-11
3	6.1	0.0119723	2.87384e-11
3	6.6	0.0078355	2.88392e-11
3	7.1	0.00517456	2.90407e-11
3	7.6	0.0034537	2.83275e-11
3	8.1	0.00233162	2.84418e-11
3	8.6	0.00159268	2.91579e-11
3	9.1	0.00110073	2.90263e-11
3	9.6	0.000769517	2.87107e-11
3	10.1	0.000543969	2.96146e-11
3	10.6	0.000388647	2.79811e-11
3	11.1	0.000280513	2.84899e-11
3	11.6	0.000204431	2.79578e-11
3	12.1	0.000150357	2.89193e-11
3	12.6	0.000111551	2.89851e-11
3	13.1	8.34431e-05	2.81111e-11
3	13.6	6.29051e-05	2.86158e-11
3	14.1	4.77724e-05	2.82105e-11
3	14.6	3.65336e-05	2.88504e-11
3	15.1	2.81236e-05	2.9018e-11
3	15.6	2.17851e-05	2.89835e-11
3	16.1	1.69755e-05	2.79204e-11
3	16.6	1.33022e-05	2.92662e-11
3	17.1	1.04794e-05	2.93188e-11
3	17.6	8.29764e-06	2.85966e-11
3	18.1	6.60182e-06	2.57401e-11
3	18.6	5.27673e-06	2.9263e-11
3	19.1	4.23607e-06	2.77576e-11
3	19.6	3.41484e-06	2.85103e-11
3	20.1	2.76379e-06	2.74098e-11
3	20.6	2.24536e-06	2.92861e-11
3	21.1	1.83081e-06	2.95536e-11
3	21.6	1.49799e-06	2.81778e-11
3	22.1	1.22974e-06	2.81393e-11
3	22.6	1.01275e-06	2.70349e-11
3	23.1	8.36588e-07	2.66187e-11
3	23.6	6.93095e-07	2.78571e-11
3	24.1	5.75828e-07	2.35326e-11
3	24.6	4.79693e-07	2.87999e-11
3	25.1	4.00645e-07	2.84371e-11
3	25.6	3.35458e-07	2.79227e-11
3	26.1	2.81551e-07	2.79482e-11
3	26.6	2.36853e-07	2.76297e-11
3	27.1	1.99694e-07	2.96068e-11
3	27.6	1.68726e-07	2.8639e-11
3	28.1	1.42855e-07	2.71724e-11
3	28.6	1.21192e-07	2.83353e-11
3	29.1	1.03013e-07	2.81765e-11
3	29.6	8.77231e-08	2.71682e-11
3	30.1	7.48374e-08	2.91622e-11
3	30.6	6.39551e-08	2.52875e-11
3	31.1	5.47468e-08	2.9565e-11
3	31.6	4.69408e-08	2.74333e-11
3	32.1	4.03112e-08	2.68757e-11
3	32.6	3.46704e-08	2.19462e-11
3	33.1	2.98629e-08	2.46558e-11
3	33.6	2.57587e-08	2.03215e-11
3	34.1	2.22494e-08	2.52708e-11
3	34.6	1.92439e-08	2.75286e-11
3	35.1	1.66661e-08	2.3332e-11
3	35.6	1.44518e-08	2.34299e-11
3	36.1	1.25471e-08	2.0094e-11
3	36.6	1.09063e-08	1.72494e-11
3	37.1	9.49108e-09	1.48298e-11
3	37.6	8.26874e-09	1.27804e-11
3	38.1	7.21166e-09	1.10257e-11
3	38.6	6.29638e-09	9.52202e-12
3	39.1	5.50292e-09	8.23221e-12
3	39.6	4.81426e-09	7.12545e-12
3	40.1	4.21587e-09	6.17692e-12
3.5	0.1	0.00179889	2.68138e-11
3.5	0.6	0.0513626	2.9532e-11
3.5	1.1	0.125264	2.95795e-11
3.5	1.6	0.175589	2.93226e-11
3.5	2.1	0.180062	2.94566e-11
3.5	2.6	0.153219	2.94224e-11
3.5	3.1	0.116172	2.9193e-11
3.5	3.6	0.0815036	2.95195e-11
3.5	4.1	0.0543331	2.93041e-11
3.5	4.6	0.0351029	2.94501e-11
3.5	5.1	0.0223016	2.94955e-11
3.5	5.6	0.0140787	2.87838e-11
3.5	6.1	0.00889478	2.87528e-11
3.5	6.6	0.00565092	2.95562e-11
3.5	7.1	0.00362094	2.85826e-11
3.5	7.6	0.00234434	2.95199e-11
3.5	8.1	0.00153507	2.9443e-11
3.5	8.6	0.00101698	2.80238e-11
3.5	9.1	0.000681686	2.82156e-11
3.5	9.6	0.00046222	2.95684e-11
3.5	10.1	0.000316917	2.87115e-11
3.5	10.6	0.000219625	2.81537e-11
3.5	11.1	0.00015376	2.81382e-11
3.5	11.6	0.000108694	2.94392e-11
3.5	12.1	7.75444e-05	2.7708e-11
3.5	12.6	5.58035e-05	2.82782e-11
3.5	13.1	4.04884e-05	2.79215e-11
3.5	13.6	2.96047e-05	2.87479e-11
3.5	14.1	2.18053e-05	2.86377e-11
3.5	14.6	1.61719e-05	2.85198e-11
3.5	15.1	1.20723e-05	2.63482e-11
3.5	15.6	9.06768e-06	2.89734e-11
3.5	16.1	6.85066e-06	2.66424e-11
3.5	16.6	5.20431e-06	2.93647e-11
3.5	17.1	3.97432e-06	2.85784e-11
3.5	17.6	3.05009e-06	2.95906e-11
3.5	18.1	2.35181e-06	2.7623e-11
3.5	18.6	1.82149e-06	2.64797e-11
3.5	19.1	1.41674e-06	2.91983e-11
3.5	19.6	1.10637e-06	2.73942e-11
3.5	20.1	8.67304e-07	2.70472e-11
3.5	20.6	6.82381e-07	2.74902e-11
3.5	21.1	5.38753e-07	2.89452e-11
3.5	21.6	4.26766e-07	2.90717e-11
3.5	22.1	3.39125e-07	2.83853e-11
3.5	22.6	2.70295e-07	2.9423e-11
3.5	23.1	2.16056e-07	2.63979e-11
3.5	23.6	1.73176e-07	2.72294e-11
3.5	24.1	1.39171e-07	2.6799e-11
3.5	24.6	1.12125e-07	2.66086e-11
3.5	25.1	9.05522e-08	2.77823e-11
3.5	25.6	7.32987e-08	2.89754e-11
3.5	26.1	5.94636e-08	2.80787e-11
3.5	26.6	4.83422e-08	2.88096e-11
3.5	27.1	3.93801e-08	2.8759e-11
3.5	27.6	3.21418e-08	2.31419e-11
3.5	28.1	2.62829e-08	2.61865e-11
3.5	28.6	2.15303e-08	2.48047e-11
3.5	29.1	1.76659e-08	2.4885e-11
3.5	29.6	1.45196e-08	2.67464e-11
3.5	30.1	1.19544e-08	2.44229e-11
3.5	30.6	9.85619e-09	2.83779e-11
3.5	31.1	8.13808e-09	2.29163e-11
3.5	31.6	6.72887e-09	1.80162e-11
3.5	32.1	5.57117e-09	1.56983e-11
3.5	32.6	4.61861e-09	2.63489e-11
3.5	33.1	3.83367e-09	2.15078e-11
3.5	33.6	3.18592e-09	1.75338e-11
3.5	34.1	2.65066e-09	2.0522e-11
3.5	34.6	2.20775e-09	2.41562e-11
3.5	35.1	1.84079e-09	1.98055e-11
3.5	35.6	1.53639e-09	2.87783e-11
3.5	36.1	1.28357e-09	2.4086e-11
3.5	36.6	1.07335e-09	2.018e-11
3.5	37.1	8.98376e-10	2.52353e-11
3.5	37.6	7.5257e-10	1.98436e-11
3.5	38.1	6.30959e-10	2.53907e-11
3.5	38.6	5.29413e-10	2.13147e-11
3.5	39.1	4.44552e-10	2.2072e-11
3.5	39.6	3.73562e-10	1.84792e-11
3.5	40.1	3.14128e-10	1.54605e-11
4	0.1	0.000930007	2.84794e-11
4	0.6	0.0319015	2.91378e-11
4	1.1	0.0868237	2.94714e-11
4	1.6	0.133647	2.95091e-11
4	2.1	0.144348	2.95176e-11
4	2.6	0.122697	2.94103e-11
4	3.1	0.0912574	2.95146e-11
4	3.6	0.0621404	2.92381e-11
4	4.1	0.0399153	2.92191e-11
4	4.6	0.0247211	2.92798e-11
4	5.1	0.0150021	2.91068e-11
4	5.6	0.00902383	2.92627e-11
4	6.1	0.0054231	2.85937e-11
4	6.6	0.00327361	2.873e-11
4	7.1	0.00199158	2.87491e-11
4	7.6	0.0012236	2.89746e-11
4	8.1	0.000760042	2.87403e-11
4	8.6	0.000477522	2.85975e-11
4	9.1	0.000303486	2.88096e-11
4	9.6	0.000195068	2.93481e-11
4	10.1	0.000126759	2.90356e-11
4	10.6	8.32367e-05	2.72578e-11
4	11.1	5.52048e-05	2.6871e-11
4	11.6	3.696e-05	2.84523e-11
4	12.1	2.4966e-05	2.86085e-11
4	12.6	1.70061e-05	2.71889e-11
4	13.1	1.16755e-05	2.87395e-11
4	13.6	8.07531e-06	2.85475e-11
4	14.1	5.62413e-06	2.72265e-11
4	14.6	3.94256e-06	2.70801e-11
4	15.1	2.7807e-06	2.65438e-11
4	15.6	1.9725e-06	2.84698e-11
4	16.1	1.40675e-06	2.44185e-11
4	16.6	1.00835e-06	2.90719e-11
4	17.1	7.26199e-07	2.60556e-11
4	17.6	5.25332e-07	2.7118e-11
4	18.1	3.81614e-07	2.70639e-11
4	18.6	2.783e-07	2.93625e-11
4	19.1	2.03705e-07	2.75604e-11
4	19.6	1.4962e-07	2.73873e-11
4	20.1	1.10252e-07	2.82579e-11
4	20.6	8.14895e-08	2.82065e-11
4	21.1	6.04027e-08	2.90951e-11
4	21.6	4.48924e-08	2.95225e-11
4	22.1	3.34487e-08	2.37713e-11
4	22.6	2.49808e-08	2.89186e-11
4	23.1	1.86977e-08	2.63864e-11
4	23.6	1.40243e-08	2.32364e-11
4	24.1	1.05393e-08	1.99152e-11
4	24.6	7.94098e-09	2.71622e-11
4	25.1	5.99417e-09	2.84294e-11
4	25.6	4.52812e-09	2.11665e-11
4	26.1	3.41709e-09	2.7021e-11
4	26.6	2.5878e-09	2.77112e-11
4	27.1	1.96217e-09	2.38181e-11
4	27.6	1.48943e-09	2.78048e-11
4	28.1	1.13173e-09	2.25899e-11
4	28.6	8.6072e-10	2.07774e-11
4	29.1	6.55236e-10	1.26134e-11
4	29.6	4.98992e-10	2.47467e-11
4	30.1	3.8046e-10	2.12315e-11
4	30.6	2.902e-10	1.7969e-11
4	31.1	2.21351e-10	2.86054e-11
4	31.6	1.69001e-10	2.36716e-11
4	32.1	1.29082e-10	1.94156e-11
4	32.6	9.86213e-11	1.58078e-11
4	33.1	7.53293e-11	1.85798e-11
4	33.6	5.74747e-11	2.70431e-11
4	34.1	4.39589e-11	2.11492e-11
4	34.6	3.34615e-11	2.95003e-11
4	35.1	2.56351e-11	2.27181e-11
4	35.6	1.94247e-11	2.92323e-11
4	36.1	1.46165e-11	2.49429e-11
4	36.6	1.12438e-11	1.93234e-11
4	37.1	8.64725e-12	1.49632e-11
4	37.6	6.6483e-12	1.15808e-11
4	38.1	5.11304e-12	8.9831e-12
4	38.6	3.94139e-12	7.03688e-12
4	39.1	3.03674e-12	5.50299e-12
4	39.6	2.3384e-12	4.29634e-12
4	40.1	1.79946e-12	3.34879e-12
4.5	0.1	0.000344122	2.92363e-11
4.5	0.6	0.0156574	2.85422e-11
4.5	1.1	0.0504318	2.91621e-11
4.5	1.6	0.0900239	2.95292e-11
4.5	2.1	0.107325	2.94682e-11
4.5	2.6	0.0900366	2.9513e-11
4.5	3.1	0.0640024	2.94715e-11
4.5	3.6	0.0410272	2.95617e-11
4.5	4.1	0.0245717	2.92803e-11
4.5	4.6	0.0140941	2.913e-11
4.5	5.1	0.00788287	2.93848e-11
4.5	5.6	0.00435451	2.89251e-11
4.5	6.1	0.00239695	2.83141e-11
4.5	6.6	0.00132255	2.87025e-11
4.5	7.1	0.000734255	2.89004e-11
4.5	7.6	0.000411106	2.89669e-11
4.5	8.1	0.000232421	2.86109e-11
4.5	8.6	0.000132755	2.92413e-11
4.5	9.1	7.6616e-05	2.84074e-11
4.5	9.6	4.46674e-05	2.81368e-11
4.5	10.1	2.62963e-05	2.95189e-11
4.5	10.6	1.56247e-05	2.66097e-11
4.5	11.1	9.36475e-06	2.65034e-11
4.5	11.6	5.65839e-06	2.75722e-11
4.5	12.1	3.44462e-06	2.74127e-11
4.5	12.6	2.11148e-06	2.84154e-11
4.5	13.1	1.30251e-06	2.81632e-11
4.5	13.6	8.08141e-07	2.87155e-11
4.5	14.1	5.04051e-07	2.70668e-11
4.5	14.6	3.15884e-07	2.48206e-11
4.5	15.1	1.9881e-07	2.55905e-11
4.5	15.6	1.25607e-07	2.49743e-11
4.5	16.1	7.96277e-08	2.45878e-11
4.5	16.6	5.06308e-08	2.56254e-11
4.5	17.1	3.22783e-08	2.69925e-11
4.5	17.6	2.06238e-08	2.83894e-11
4.5	18.1	1.32019e-08	2.51639e-11
4.5	18.6	8.46391e-09	2.55551e-11
4.5	19.1	5.43298e-09	2.78233e-11
4.5	19.6	3.49059e-09	2.41399e-11
4.5	20.1	2.24401e-09	1.95223e-11
4.5	20.6	1.44296e-09	2.93567e-11
4.5	21.1	9.27888e-10	2.4919e-11
4.5	21.6	5.96531e-10	1.79115e-11
4.5	22.1	3.83254e-10	1.61782e-11
4.5	22.6	2.45842e-10	2.44894e-11
4.5	23.1	1.5766e-10	1.63566e-11
4.5	23.6	1.00999e-10	9.72458e-12
4.5	24.1	6.41737e-11	2.02572e-11
4.5	24.6	4.10906e-11	1.61684e-11
4.5	25.1	2.62102e-11	1.01804e-11
4.5	25.6	1.49289e-11	2.56658e-11
4.5	26.1	9.54301e-12	1.65217e-11
4.5	26.6	6.08201e-12	1.07023e-11
4.5	27.1	3.86479e-12	6.90939e-12
4.5	27.6	2.44812e-12	4.44462e-12
4.5	28.1	1.54047e-12	2.82408e-12
4.5	28.6	9.60749e-13	1.76425e-12
4.5	29.1	5.96535e-13	1.09711e-12
4.5	29.6	3.68639e-13	6.78927e-13
4.5	30.1	2.26657e-13	4.17963e-13
4.5	30.6	1.38611e-13	2.5589e-13
4.5	31.1	8.42837e-14	1.55748e-13
4.5	31.6	5.0939e-14	9.42091e-14
4.5	32.1	3.05887e-14	5.66111e-14
4.5	32.6	1.82435e-14	3.37817e-14
4.5	33.1	1.08022e-14	2.00103e-14
4.5	33.6	6.34739e-15	1.17607e-14
4.5	34.1	3.69963e-15	6.85518e-15
4.5	34.6	2.141e-15	4.59436e-15
4.5	35.1	1.22542e-15	4.58957e-15
4.5	35.6	6.94671e-16	4.58471e-15
4.5	36.1	3.8981e-16	4.57976e-15
4.5	36.6	2.16395e-16	4.57472e-15
4.5	37.1	1.18765e-16	4.56958e-15
4.5	37.6	6.43988e-17	4.56435e-15
4.5	38.1	3.44745e-17	4.559e-15
4.5	38.6	1.82056e-17	4.55355e-15
4.5	39.1	9.47605e-18	4.54796e-15
4.5	39.6	4.85696e-18	4.54225e-15
4.5	40.1	2.44895e-18	4.5364e-15
5	0.1	7.04879e-05	2.25417e-11
5	0.6	0.00511602	2.82432e-11
5	1.1	0.0218688	2.94331e-11
5	1.6	0.0501807	2.93123e-11
5	2.1	0.0734613	2.95237e-11
5	2.6	0.0601557	2.94902e-11
5	3.1	0.0389108	2.94331e-11
5	3.6	0.0221889	2.9435e-11
5	4.1	0.0116687	2.90804e-11
5	4.6	0.00582223	2.91985e-11
5	5.1	0.00281193	2.86963e-11
5	5.6	0.00133314	2.90919e-11
5	6.1	0.000626483	2.86368e-11
5	6.6	0.00029369	2.8352e-11
5	7.1	0.000137904	2.78763e-11
5	7.6	6.5015e-05	2.90864e-11
5	8.1	3.08128e-05	2.94864e-11
5	8.6	1.46868e-05	2.60998e-11
5	9.1	7.03996e-06	2.54359e-11
5	9.6	3.39217e-06	2.74973e-11
5	10.1	1.642e-06	2.83083e-11
5	10.6	7.97842e-07	2.96212e-11
5	11.1	3.88805e-07	2.8109e-11
5	11.6	1.89852e-07	2.85784e-11
5	12.1	9.28027e-08	2.95779e-11
5	12.6	4.53672e-08	2.92565e-11
5	13.1	2.21581e-08	2.8217e-11
5	13.6	1.08026e-08	2.6247e-11
5	14.1	5.2512e-09	2.73215e-11
5	14.6	2.54281e-09	2.64159e-11
5	15.1	1.22506e-09	2.62797e-11
5	15.6	5.86263e-10	2.74224e-11
5	16.1	2.7752e-10	2.95448e-11
5	16.6	1.29739e-10	2.81479e-11
5	17.1	5.86346e-11	2.45918e-11
5	17.6	2.20313e-11	2.52363e-11
5	18.1	7.99128e-12	1.5791e-11
5	18.6	3.61079e-12	7.1404e-12
5	19.1	1.60529e-12	3.17793e-12
5	19.6	7.01162e-13	1.39004e-12
5	20.1	3.00394e-13	5.96566e-13
5	20.6	1.26008e-13	2.50766e-13
5	21.1	5.16523e-14	1.03041e-13
5	21.6	2.06457e-14	4.12993e-14
5	22.1	8.02749e-15	1.61078e-14
5	22.6	3.02819e-15	6.09719e-15
5	23.1	1.53383e-15	4.6084e-15
5	23.6	5.53295e-16	4.5501e-15
5	24.1	1.90632e-16	4.5407e-15
5	24.6	6.29853e-17	4.5309e-15
5	25.1	1.98643e-17	4.52067e-15
5	25.6	5.94814e-18	4.50996e-15
5	26.1	1.68065e-18	4.49868e-15
5	26.6	4.44859e-19	4.48678e-15
5	27.1	1.09377e-19	4.47414e-15
5	27.6	1.84293e-20	4.46066e-15
5	28.1	3.80214e-21	4.4462e-15
5	28.6	7.03071e-22	4.43056e-15
5	29.1	1.14436e-22	4.4135e-15
5	29.6	1.60261e-23	4.39471e-15
5	30.1	1.8754e-24	4.37375e-15
5	30.6	1.76497e-25	4.34997e-15
5	31.1	1.66441e-26	4.32245e-15
5	31.6	8.75165e-28	4.28964e-15
5	32.1	3.10325e-29	4.24885e-15
5	32.6	9.04482e-31	4.19463e-15
5	33.1	3.13346e-31	4.11279e-15
5	33.6	7.8322e-32	3.93687e-15
5	34.1	1e-30	1e-30
5	34.6	1e-30	1e-30
5	35.1	1e-30	1e-30
5	35.6	1e-30	1e-30
5	36.1	1e-30	1e-30
5	36.6	1e-30	1e-30
5	37.1	1e-30	1e-30
5	37.6	1e-30	1e-30
5	38.1	1e-30	1e-30
5	38.6	1e-30	1e-30
5	39.1	1e-30	1e-30
5	39.6	1e-30	1e-30
5	40.1	1e-30	1e-30
