-5	0.1	0.0842361	2.93642e-11
-5	0.6	0.311854	2.91088e-11
-5	1.1	0.310467	2.92839e-11
-5	1.6	0.226259	2.95128e-11
-5	2.1	0.143507	2.94178e-11
-5	2.6	0.0831542	2.93377e-11
-5	3.1	0.045211	2.94518e-11
-5	3.6	0.0235146	2.88575e-11
-5	4.1	0.0118745	2.95624e-11
-5	4.6	0.00588829	2.91234e-11
-5	5.1	0.00289115	2.94043e-11
-5	5.6	0.00141391	2.96299e-11
-5	6.1	0.000691485	2.80468e-11
-5	6.6	0.000339062	2.9188e-11
-5	7.1	0.00016695	2.79146e-11
-5	7.6	8.26168e-05	2.90125e-11
-5	8.1	4.11015e-05	2.7133e-11
-5	8.6	2.0556e-05	2.91079e-11
-5	9.1	1.03323e-05	2.91718e-11
-5	9.6	5.21741e-06	2.84589e-11
-5	10.1	2.64539e-06	2.59869e-11
-5	10.6	1.34607e-06	2.88827e-11
-5	11.1	6.86984e-07	2.92229e-11
-5	11.6	3.51473e-07	2.95023e-11
-5	12.1	1.80171e-07	2.95895e-11
-5	12.6	9.24981e-08	2.42144e-11
-5	13.1	4.7542e-08	2.71408e-11
-5	13.6	2.44572e-08	2.43949e-11
-5	14.1	1.25913e-08	2.40303e-11
-5	14.6	6.48703e-09	2.50305e-11
-5	15.1	3.34535e-09	2.2499e-11
-5	15.6	1.72765e-09	1.15541e-11
-5	16.1	8.94068e-10	2.89591e-11
-5	16.6	4.64068e-10	2.4149e-11
-5	17.1	2.41798e-10	2.41392e-11
-5	17.6	1.25913e-10	1.02209e-11
-5	18.1	6.66546e-11	4.75961e-12
-5	18.6	3.38432e-11	2.53587e-11
-5	19.1	1.8172e-11	1.35006e-11
-5	19.6	9.80146e-12	7.52117e-12
-5	20.1	5.33239e-12	4.26502e-12
-5	20.6	2.8893e-12	2.56194e-12
-5	21.1	1.57177e-12	1.58845e-12
-5	21.6	8.60034e-13	9.82118e-13
-5	22.1	4.74113e-13	5.93649e-13
-5	22.6	2.62809e-13	3.53084e-13
-5	23.1	1.46212e-13	2.07355e-13
-5	23.6	8.14995e-14	1.20473e-13
-5	24.1	4.54427e-14	6.93263e-14
-5	24.6	2.531e-14	3.95399e-14
-5	25.1	1.40638e-14	2.23598e-14
-5	25.6	7.78812e-15	1.25395e-14
-5	26.1	4.29418e-15	6.97422e-15
-5	26.6	2.6342e-15	6.26526e-15
-5	27.1	1.8514e-15	5.83317e-15
-5	27.6	1.46354e-15	5.00544e-15
-5	28.1	9.5675e-16	4.65273e-15
-5	28.6	5.65914e-16	4.65273e-15
-5	29.1	3.34049e-16	4.65273e-15
-5	29.6	1.96716e-16	4.65273e-15
-5	30.1	1.1553e-16	4.65273e-15
-5	30.6	6.76434e-17	4.65273e-15
-5	31.1	3.94705e-17	4.65273e-15
-5	31.6	2.29439e-17	4.65273e-15
-5	32.1	1.32809e-17	4.65273e-15
-5	32.6	7.65177e-18	4.65273e-15
-5	33.1	4.38596e-18	4.65273e-15
-5	33.6	2.49988e-18	4.65273e-15
-5	34.1	1e-30	1e-30
-5	34.6	1e-30	1e-30
-5	35.1	1e-30	1e-30
-5	35.6	1e-30	1e-30
-5	36.1	1e-30	1e-30
-5	36.6	1e-30	1e-30
-5	37.1	1e-30	1e-30
-5	37.6	1e-30	1e-30
-5	38.1	1e-30	1e-30
-5	38.6	1e-30	1e-30
-5	39.1	1e-30	1e-30
-5	39.6	1e-30	1e-30
-5	40.1	1e-30	1e-30
-4.5	0.1	0.0991445	2.86973e-11
-4.5	0.6	0.359393	2.91726e-11
-4.5	1.1	0.374601	2.94049e-11
-4.5	1.6	0.296824	2.92588e-11
-4.5	2.1	0.207269	2.94353e-11
-4.5	2.6	0.133316	2.91554e-11
-4.5	3.1	0.080987	2.9235e-11
-4.5	3.6	0.0473267	2.9585e-11
-4.5	4.1	0.0269868	2.88459e-11
-4.5	4.6	0.0151807	2.88222e-11
-4.5	5.1	0.00849235	2.90242e-11
-4.5	5.6	0.00475177	2.88608e-11
-4.5	6.1	0.0026698	2.93035e-11
-4.5	6.6	0.00151012	2.93124e-11
-4.5	7.1	0.000861258	2.88472e-11
-4.5	7.6	0.000495702	2.94455e-11
-4.5	8.1	0.000288027	2.87613e-11
-4.5	8.6	0.000168962	2.8541e-11
-4.5	9.1	0.000100048	2.64106e-11
-4.5	9.6	5.97779e-05	2.78335e-11
-4.5	10.1	3.60253e-05	2.90907e-11
-4.5	10.6	2.18879e-05	2.61968e-11
-4.5	11.1	1.34001e-05	2.76277e-11
-4.5	11.6	8.26237e-06	2.80601e-11
-4.5	12.1	5.12828e-06	2.94871e-11
-4.5	12.6	3.20256e-06	2.66987e-11
-4.5	13.1	2.01128e-06	2.84201e-11
-4.5	13.6	1.2697e-06	2.65213e-11
-4.5	14.1	8.05362e-07	2.90803e-11
-4.5	14.6	5.13054e-07	2.49775e-11
-4.5	15.1	3.28131e-07	2.47535e-11
-4.5	15.6	2.1061e-07	2.89583e-11
-4.5	16.1	1.35613e-07	2.81529e-11
-4.5	16.6	8.75739e-08	2.91008e-11
-4.5	17.1	5.66967e-08	2.88208e-11
-4.5	17.6	3.67877e-08	2.37925e-11
-4.5	18.1	2.39173e-08	2.78331e-11
-4.5	18.6	1.55761e-08	2.71863e-11
-4.5	19.1	1.01586e-08	1.68025e-11
-4.5	19.6	6.63333e-09	2.48031e-11
-4.5	20.1	4.33563e-09	2.29693e-11
-4.5	20.6	2.83601e-09	2.2527e-11
-4.5	21.1	1.85615e-09	2.10475e-11
-4.5	21.6	1.21531e-09	2.01664e-11
-4.5	22.1	7.95922e-10	2.83697e-11
-4.5	22.6	5.21301e-10	2.44463e-11
-4.5	23.1	3.4146e-10	2.69813e-11
-4.5	23.6	2.23639e-10	2.29488e-11
-4.5	24.1	1.4654e-10	2.8471e-11
-4.5	24.6	9.59664e-11	2.06341e-11
-4.5	25.1	6.29228e-11	1.98604e-11
-4.5	25.6	4.13589e-11	2.04823e-11
-4.5	26.1	2.7541e-11	2.54975e-11
-4.5	26.6	1.79827e-11	1.92163e-11
-4.5	27.1	1.17363e-11	1.20817e-11
-4.5	27.6	7.65288e-12	7.51022e-12
-4.5	28.1	4.98677e-12	4.59818e-12
-4.5	28.6	3.25355e-12	2.81913e-12
-4.5	29.1	2.12383e-12	1.70109e-12
-4.5	29.6	1.39075e-12	1.045e-12
-4.5	30.1	9.13295e-13	6.48466e-13
-4.5	30.6	6.01136e-13	3.96318e-13
-4.5	31.1	3.96963e-13	2.3734e-13
-4.5	31.6	2.63301e-13	1.38097e-13
-4.5	32.1	1.75681e-13	7.87813e-14
-4.5	32.6	1.17919e-13	7.38974e-14
-4.5	33.1	7.8778e-14	6.28287e-14
-4.5	33.6	5.22735e-14	4.77491e-14
-4.5	34.1	3.4661e-14	3.54461e-14
-4.5	34.6	2.3237e-14	2.84109e-14
-4.5	35.1	1.56443e-14	2.22568e-14
-4.5	35.6	1.0578e-14	1.71314e-14
-4.5	36.1	7.1829e-15	1.30021e-14
-4.5	36.6	4.89752e-15	9.75443e-15
-4.5	37.1	3.35203e-15	7.24675e-15
-4.5	37.6	2.34548e-15	5.76099e-15
-4.5	38.1	1.75037e-15	5.33558e-15
-4.5	38.6	1.34276e-15	4.77602e-15
-4.5	39.1	9.77155e-16	4.65273e-15
-4.5	39.6	7.02264e-16	4.65273e-15
-4.5	40.1	5.06187e-16	4.65273e-15
-4	0.1	0.10989	2.86199e-11
-4	0.6	0.38325	2.9064e-11
-4	1.1	0.42161	2.93354e-11
-4	1.6	0.351375	2.92562e-11
-4	2.1	0.259842	2.93039e-11
-4	2.6	0.177771	2.93892e-11
-4	3.1	0.11525	2.94765e-11
-4	3.6	0.0720708	2.94738e-11
-4	4.1	0.0440792	2.93284e-11
-4	4.6	0.0266488	2.90706e-11
-4	5.1	0.0160511	2.94311e-11
-4	5.6	0.00968602	2.88611e-11
-4	6.1	0.00587841	2.89157e-11
-4	6.6	0.00359692	2.94179e-11
-4	7.1	0.0022224	2.86349e-11
-4	7.6	0.00138771	2.92521e-11
-4	8.1	0.000876024	2.88892e-11
-4	8.6	0.000559101	2.8906e-11
-4	9.1	0.000360699	2.94798e-11
-4	9.6	0.000235147	2.84954e-11
-4	10.1	0.000154846	2.93577e-11
-4	10.6	0.000102951	2.86449e-11
-4	11.1	6.90759e-05	2.89227e-11
-4	11.6	4.67496e-05	2.82356e-11
-4	12.1	3.18993e-05	2.83179e-11
-4	12.6	2.19348e-05	2.944e-11
-4	13.1	1.51931e-05	2.58284e-11
-4	13.6	1.05959e-05	2.79008e-11
-4	14.1	7.43752e-06	2.90432e-11
-4	14.6	5.2524e-06	2.58779e-11
-4	15.1	3.73052e-06	2.6274e-11
-4	15.6	2.6639e-06	2.63425e-11
-4	16.1	1.91191e-06	1.99666e-11
-4	16.6	1.37875e-06	2.21086e-11
-4	17.1	9.98741e-07	2.17858e-11
-4	17.6	7.26533e-07	2.07949e-11
-4	18.1	5.30622e-07	2.37631e-11
-4	18.6	3.88993e-07	2.68767e-11
-4	19.1	2.86173e-07	2.7084e-11
-4	19.6	2.11232e-07	2.919e-11
-4	20.1	1.56403e-07	2.60591e-11
-4	20.6	1.16147e-07	2.59541e-11
-4	21.1	8.64919e-08	2.87944e-11
-4	21.6	6.4576e-08	2.61565e-11
-4	22.1	4.83314e-08	2.84304e-11
-4	22.6	3.62566e-08	2.58779e-11
-4	23.1	2.72572e-08	2.82837e-11
-4	23.6	2.05331e-08	2.66611e-11
-4	24.1	1.54972e-08	2.46857e-11
-4	24.6	1.17171e-08	1.8534e-11
-4	25.1	8.87385e-09	2.43181e-11
-4	25.6	6.73094e-09	1.85012e-11
-4	26.1	5.1129e-09	2.30953e-11
-4	26.6	3.88903e-09	1.76672e-11
-4	27.1	2.96181e-09	1.35455e-11
-4	27.6	2.25827e-09	2.34057e-11
-4	28.1	1.72367e-09	1.79772e-11
-4	28.6	1.31694e-09	2.47949e-11
-4	29.1	1.00707e-09	1.89871e-11
-4	29.6	7.7074e-10	2.42184e-11
-4	30.1	5.90305e-10	1.83699e-11
-4	30.6	4.52448e-10	2.28504e-11
-4	31.1	3.46964e-10	1.74463e-11
-4	31.6	2.66288e-10	2.34442e-11
-4	32.1	2.04503e-10	2.674e-11
-4	32.6	1.57037e-10	2.01575e-11
-4	33.1	1.20785e-10	2.40535e-11
-4	33.6	9.31286e-11	2.95079e-11
-4	34.1	7.15721e-11	2.25125e-11
-4	34.6	5.54682e-11	2.77736e-11
-4	35.1	4.26404e-11	2.12132e-11
-4	35.6	3.27802e-11	1.61996e-11
-4	36.1	2.66158e-11	2.8796e-11
-4	36.6	2.04535e-11	2.19857e-11
-4	37.1	1.6365e-11	2.37118e-11
-4	37.6	1.25896e-11	1.82009e-11
-4	38.1	9.68157e-12	1.3961e-11
-4	38.6	7.44217e-12	1.07004e-11
-4	39.1	5.7181e-12	8.19427e-12
-4	39.6	4.3912e-12	6.26925e-12
-4	40.1	3.37423e-12	4.81672e-12
-3.5	0.1	0.116691	2.87395e-11
-3.5	0.6	0.394054	2.94305e-11
-3.5	1.1	0.448469	2.95944e-11
-3.5	1.6	0.389791	2.94485e-11
-3.5	2.1	0.298338	2.93869e-11
-3.5	2.6	0.21176	2.94185e-11
-3.5	3.1	0.142687	2.9304e-11
-3.5	3.6	0.0928703	2.94944e-11
-3.5	4.1	0.0591861	2.95681e-11
-3.5	4.6	0.0373203	2.91383e-11
-3.5	5.1	0.0234643	2.95791e-11
-3.5	5.6	0.0147908	2.87611e-11
-3.5	6.1	0.00938265	2.91811e-11
-3.5	6.6	0.00600441	2.90354e-11
-3.5	7.1	0.00388215	2.85134e-11
-3.5	7.6	0.00253796	2.84532e-11
-3.5	8.1	0.00167825	2.9261e-11
-3.5	8.6	0.00112252	2.83293e-11
-3.5	9.1	0.000759318	2.95286e-11
-3.5	9.6	0.000519278	2.88812e-11
-3.5	10.1	0.00035888	2.81312e-11
-3.5	10.6	0.000250539	2.72885e-11
-3.5	11.1	0.000176592	2.90011e-11
-3.5	11.6	0.000125613	2.78279e-11
-3.5	12.1	9.01281e-05	2.70323e-11
-3.5	12.6	6.52003e-05	2.71707e-11
-3.5	13.1	4.7535e-05	2.82298e-11
-3.5	13.6	3.49118e-05	2.94605e-11
-3.5	14.1	2.58198e-05	2.50372e-11
-3.5	14.6	1.92219e-05	2.31129e-11
-3.5	15.1	1.43996e-05	2.9469e-11
-3.5	15.6	1.0851e-05	2.70853e-11
-3.5	16.1	8.2229e-06	2.70732e-11
-3.5	16.6	6.2645e-06	2.4637e-11
-3.5	17.1	4.79665e-06	2.35415e-11
-3.5	17.6	3.69036e-06	2.59604e-11
-3.5	18.1	2.85216e-06	2.96072e-11
-3.5	18.6	2.21391e-06	2.50344e-11
-3.5	19.1	1.72557e-06	2.23509e-11
-3.5	19.6	1.35022e-06	2.36595e-11
-3.5	20.1	1.06047e-06	2.56517e-11
-3.5	20.6	8.35869e-07	2.89656e-11
-3.5	21.1	6.61076e-07	2.5875e-11
-3.5	21.6	5.24532e-07	2.77658e-11
-3.5	22.1	4.1748e-07	2.85017e-11
-3.5	22.6	3.3326e-07	2.72898e-11
-3.5	23.1	2.66782e-07	2.6616e-11
-3.5	23.6	2.14143e-07	2.86778e-11
-3.5	24.1	1.72336e-07	2.9553e-11
-3.5	24.6	1.39034e-07	2.88423e-11
-3.5	25.1	1.12434e-07	2.79703e-11
-3.5	25.6	9.11295e-08	2.57163e-11
-3.5	26.1	7.40231e-08	2.66048e-11
-3.5	26.6	6.02535e-08	2.68313e-11
-3.5	27.1	4.91436e-08	2.75476e-11
-3.5	27.6	4.01593e-08	2.29327e-11
-3.5	28.1	3.28781e-08	2.5079e-11
-3.5	28.6	2.69648e-08	2.95127e-11
-3.5	29.1	2.21526e-08	2.476e-11
-3.5	29.6	1.8229e-08	2.07802e-11
-3.5	30.1	1.50239e-08	1.74488e-11
-3.5	30.6	1.24011e-08	2.52619e-11
-3.5	31.1	1.02509e-08	2.10661e-11
-3.5	31.6	8.48541e-09	2.80575e-11
-3.5	32.1	7.03337e-09	2.33234e-11
-3.5	32.6	5.83733e-09	1.94082e-11
-3.5	33.1	4.85067e-09	1.65558e-11
-3.5	33.6	4.03558e-09	2.84338e-11
-3.5	34.1	3.3613e-09	2.34256e-11
-3.5	34.6	2.80275e-09	2.43591e-11
-3.5	35.1	2.3395e-09	1.90185e-11
-3.5	35.6	1.95481e-09	2.35099e-11
-3.5	36.1	1.63497e-09	2.56466e-11
-3.5	36.6	1.36875e-09	2.64577e-11
-3.5	37.1	1.14692e-09	2.8576e-11
-3.5	37.6	9.61864e-10	2.21649e-11
-3.5	38.1	8.07341e-10	1.94916e-11
-3.5	38.6	6.78233e-10	2.86714e-11
-3.5	39.1	5.70164e-10	2.34677e-11
-3.5	39.6	4.79667e-10	1.92331e-11
-3.5	40.1	4.03912e-10	2.90012e-11
-3	0.1	0.120055	2.88226e-11
-3	0.6	0.39578	2.93149e-11
-3	1.1	0.459742	2.93865e-11
-3	1.6	0.411418	2.94642e-11
-3	2.1	0.324154	2.93167e-11
-3	2.6	0.235475	2.93147e-11
-3	3.1	0.162371	2.94557e-11
-3	3.6	0.108231	2.92751e-11
-3	4.1	0.0706818	2.94022e-11
-3	4.6	0.0456937	2.89985e-11
-3	5.1	0.0294654	2.93772e-11
-3	5.6	0.0190561	2.92506e-11
-3	6.1	0.0124059	2.8754e-11
-3	6.6	0.00814967	2.89358e-11
-3	7.1	0.0054101	2.87221e-11
-3	7.6	0.00363219	2.91281e-11
-3	8.1	0.00246702	2.9266e-11
-3	8.6	0.00169521	2.93113e-11
-3	9.1	0.00117825	2.88605e-11
-3	9.6	0.000828083	2.88111e-11
-3	10.1	0.000588238	2.79825e-11
-3	10.6	0.000422162	2.7749e-11
-3	11.1	0.000305948	2.88169e-11
-3	11.6	0.000223795	2.84664e-11
-3	12.1	0.000165153	2.86617e-11
-3	12.6	0.000122901	2.905e-11
-3	13.1	9.21864e-05	2.77608e-11
-3	13.6	6.96698e-05	2.872e-11
-3	14.1	5.30293e-05	2.83696e-11
-3	14.6	4.06369e-05	2.84122e-11
-3	15.1	3.13405e-05	2.21005e-11
-3	15.6	2.43182e-05	2.49898e-11
-3	16.1	1.89785e-05	2.55541e-11
-3	16.6	1.48928e-05	2.55096e-11
-3	17.1	1.17477e-05	2.54788e-11
-3	17.6	9.31283e-06	2.90089e-11
-3	18.1	7.41759e-06	2.63452e-11
-3	18.6	5.9347e-06	2.72234e-11
-3	19.1	4.76868e-06	2.92176e-11
-3	19.6	3.84749e-06	2.84899e-11
-3	20.1	3.11642e-06	2.87358e-11
-3	20.6	2.53371e-06	2.81492e-11
-3	21.1	2.06735e-06	2.63994e-11
-3	21.6	1.6926e-06	2.92186e-11
-3	22.1	1.39034e-06	2.77141e-11
-3	22.6	1.14566e-06	2.94746e-11
-3	23.1	9.46887e-07	2.52544e-11
-3	23.6	7.8487e-07	2.63727e-11
-3	24.1	6.52386e-07	2.6963e-11
-3	24.6	5.43716e-07	2.79836e-11
-3	25.1	4.54313e-07	2.60211e-11
-3	25.6	3.8055e-07	2.82373e-11
-3	26.1	3.19522e-07	2.36357e-11
-3	26.6	2.68897e-07	2.6867e-11
-3	27.1	2.26794e-07	2.24429e-11
-3	27.6	1.9169e-07	2.94388e-11
-3	28.1	1.62353e-07	2.41851e-11
-3	28.6	1.3778e-07	1.89915e-11
-3	29.1	1.17149e-07	2.45193e-11
-3	29.6	9.97921e-08	2.02014e-11
-3	30.1	8.51589e-08	1.67181e-11
-3	30.6	7.27972e-08	1.15544e-11
-3	31.1	6.2334e-08	9.64768e-12
-3	31.6	5.34611e-08	8.06803e-12
-3	32.1	4.5923e-08	6.75727e-12
-3	32.6	3.95077e-08	5.66764e-12
-3	33.1	3.40385e-08	2.75084e-11
-3	33.6	2.93682e-08	1.54298e-11
-3	34.1	2.53737e-08	2.84447e-11
-3	34.6	2.19518e-08	2.42032e-11
-3	35.1	1.90161e-08	2.87575e-11
-3	35.6	1.64938e-08	2.41876e-11
-3	36.1	1.43235e-08	2.19117e-11
-3	36.6	1.24536e-08	2.57031e-11
-3	37.1	1.08402e-08	2.72903e-11
-3	37.6	9.44648e-09	2.81246e-11
-3	38.1	8.24087e-09	2.86374e-11
-3	38.6	7.19678e-09	2.05684e-11
-3	39.1	6.2914e-09	1.69036e-11
-3	39.6	5.50542e-09	1.69438e-11
-3	40.1	4.82232e-09	1.66442e-11
-2.5	0.1	0.12054	2.82793e-11
-2.5	0.6	0.390736	2.89453e-11
-2.5	1.1	0.461376	2.96319e-11
-2.5	1.6	0.421916	2.93585e-11
-2.5	2.1	0.339515	2.91584e-11
-2.5	2.6	0.251564	2.91697e-11
-2.5	3.1	0.176242	2.93093e-11
-2.5	3.6	0.119044	2.9617e-11
-2.5	4.1	0.0786932	2.92665e-11
-2.5	4.6	0.0516122	2.96192e-11
-2.5	5.1	0.0337872	2.9152e-11
-2.5	5.6	0.0221864	2.95981e-11
-2.5	6.1	0.0146674	2.89304e-11
-2.5	6.6	0.00978563	2.91693e-11
-2.5	7.1	0.00659809	2.91275e-11
-2.5	7.6	0.00449969	2.90511e-11
-2.5	8.1	0.00310471	2.9365e-11
-2.5	8.6	0.00216739	2.90215e-11
-2.5	9.1	0.00153054	2.94882e-11
-2.5	9.6	0.00109295	2.90841e-11
-2.5	10.1	0.000788905	2.93013e-11
-2.5	10.6	0.000575337	2.8822e-11
-2.5	11.1	0.000423727	2.79917e-11
-2.5	11.6	0.000314999	2.87795e-11
-2.5	12.1	0.000236258	2.88761e-11
-2.5	12.6	0.000178699	2.80679e-11
-2.5	13.1	0.000136247	2.86825e-11
-2.5	13.6	0.000104669	2.78859e-11
-2.5	14.1	8.09895e-05	2.91653e-11
-2.5	14.6	6.30951e-05	2.59741e-11
-2.5	15.1	4.94729e-05	2.68658e-11
-2.5	15.6	3.90304e-05	2.40696e-11
-2.5	16.1	3.09719e-05	2.87922e-11
-2.5	16.6	2.47137e-05	2.4061e-11
-2.5	17.1	1.98243e-05	2.54719e-11
-2.5	17.6	1.59821e-05	2.72671e-11
-2.5	18.1	1.29463e-05	2.9262e-11
-2.5	18.6	1.05351e-05	2.41721e-11
-2.5	19.1	8.61031e-06	2.49771e-11
-2.5	19.6	7.06649e-06	2.76877e-11
-2.5	20.1	5.82254e-06	2.92978e-11
-2.5	20.6	4.81583e-06	2.59853e-11
-2.5	21.1	3.99768e-06	2.55583e-11
-2.5	21.6	3.33011e-06	2.77876e-11
-2.5	22.1	2.78329e-06	2.61647e-11
-2.5	22.6	2.33372e-06	2.68422e-11
-2.5	23.1	1.9628e-06	2.83256e-11
-2.5	23.6	1.65572e-06	2.45826e-11
-2.5	24.1	1.40066e-06	2.58242e-11
-2.5	24.6	1.18813e-06	2.91776e-11
-2.5	25.1	1.0105e-06	2.47423e-11
-2.5	25.6	8.61608e-07	2.56354e-11
-2.5	26.1	7.36452e-07	2.67522e-11
-2.5	26.6	6.30959e-07	2.63829e-11
-2.5	27.1	5.41807e-07	2.84056e-11
-2.5	27.6	4.66273e-07	2.39487e-11
-2.5	28.1	4.0212e-07	2.0228e-11
-2.5	28.6	3.47504e-07	2.87193e-11
-2.5	29.1	3.00901e-07	2.38398e-11
-2.5	29.6	2.61047e-07	2.63191e-11
-2.5	30.1	2.26891e-07	2.92315e-11
-2.5	30.6	1.97559e-07	2.51503e-11
-2.5	31.1	1.72317e-07	2.14104e-11
-2.5	31.6	1.50554e-07	1.82782e-11
-2.5	32.1	1.31755e-07	1.57115e-11
-2.5	32.6	1.15485e-07	1.35316e-11
-2.5	33.1	1.01381e-07	1.16704e-11
-2.5	33.6	8.91312e-08	2.85422e-11
-2.5	34.1	7.84756e-08	2.48374e-11
-2.5	34.6	6.9191e-08	2.16271e-11
-2.5	35.1	6.10884e-08	4.26811e-12
-2.5	35.6	5.40064e-08	2.2783e-11
-2.5	36.1	4.78071e-08	2.49592e-11
-2.5	36.6	4.23726e-08	2.54268e-11
-2.5	37.1	3.76019e-08	2.77994e-11
-2.5	37.6	3.3408e-08	2.55138e-11
-2.5	38.1	2.97163e-08	2.45728e-11
-2.5	38.6	2.64624e-08	2.7562e-11
-2.5	39.1	2.35908e-08	2.4288e-11
-2.5	39.6	2.10533e-08	2.2866e-11
-2.5	40.1	1.88084e-08	1.63606e-11
-2	0.1	0.118644	2.87689e-11
-2	0.6	0.380651	2.94382e-11
-2	1.1	0.456163	2.95535e-11
-2	1.6	0.424811	2.94888e-11
-2	2.1	0.347705	2.92148e-11
-2	2.6	0.261615	2.96164e-11
-2	3.1	0.1858	2.93201e-11
-2	3.6	0.127031	2.93489e-11
-2	4.1	0.0848951	2.95929e-11
-2	4.6	0.0561021	2.91915e-11
-2	5.1	0.0369699	2.89827e-11
-2	5.6	0.0244364	2.92393e-11
-2	6.1	0.0162648	2.87159e-11
-2	6.6	0.0109287	2.89391e-11
-2	7.1	0.00742932	2.88775e-11
-2	7.6	0.00511378	2.87045e-11
-2	8.1	0.00356143	2.91724e-11
-2	8.6	0.00250955	2.95189e-11
-2	9.1	0.00178884	2.95884e-11
-2	9.6	0.00128945	2.95957e-11
-2	10.1	0.000939545	2.93225e-11
-2	10.6	0.000691691	2.95279e-11
-2	11.1	0.000514259	2.78571e-11
-2	11.6	0.000385939	2.94957e-11
-2	12.1	0.000292227	2.92437e-11
-2	12.6	0.000223145	2.91159e-11
-2	13.1	0.000171764	2.72913e-11
-2	13.6	0.000133221	2.94281e-11
-2	14.1	0.000104073	2.93796e-11
-2	14.6	8.18595e-05	2.81688e-11
-2	15.1	6.48058e-05	2.52377e-11
-2	15.6	5.16214e-05	2.38589e-11
-2	16.1	4.13603e-05	2.75964e-11
-2	16.6	3.33236e-05	2.32374e-11
-2	17.1	2.69908e-05	2.59467e-11
-2	17.6	2.19718e-05	2.87564e-11
-2	18.1	1.79722e-05	2.88386e-11
-2	18.6	1.4768e-05	2.64807e-11
-2	19.1	1.21882e-05	2.69382e-11
-2	19.6	1.01012e-05	2.70785e-11
-2	20.1	8.40499e-06	2.91275e-11
-2	20.6	7.02037e-06	2.42036e-11
-2	21.1	5.88531e-06	2.62712e-11
-2	21.6	4.95108e-06	2.87814e-11
-2	22.1	4.17917e-06	2.90158e-11
-2	22.6	3.53899e-06	2.49819e-11
-2	23.1	3.00617e-06	2.71686e-11
-2	23.6	2.56118e-06	2.77399e-11
-2	24.1	2.18831e-06	2.18521e-11
-2	24.6	1.87488e-06	2.96001e-11
-2	25.1	1.6106e-06	2.5079e-11
-2	25.6	1.38712e-06	2.69422e-11
-2	26.1	1.19759e-06	2.83552e-11
-2	26.6	1.03641e-06	2.42507e-11
-2	27.1	8.98986e-07	2.51342e-11
-2	27.6	7.81511e-07	2.56795e-11
-2	28.1	6.80842e-07	2.9337e-11
-2	28.6	5.94368e-07	2.54847e-11
-2	29.1	5.19916e-07	2.17369e-11
-2	29.6	4.5567e-07	2.83085e-11
-2	30.1	4.00113e-07	2.38906e-11
-2	30.6	3.51967e-07	2.7745e-11
-2	31.1	3.1016e-07	2.37473e-11
-2	31.6	2.73785e-07	2.82905e-11
-2	32.1	2.42077e-07	2.63185e-11
-2	32.6	2.14384e-07	2.29752e-11
-2	33.1	1.90155e-07	2.01467e-11
-2	33.6	1.6892e-07	1.33326e-11
-2	34.1	1.50277e-07	1.16022e-11
-2	34.6	1.33882e-07	1.01202e-11
-2	35.1	1.19442e-07	8.84654e-12
-2	35.6	1.06704e-07	2.19196e-11
-2	36.1	9.54491e-08	2.53562e-11
-2	36.6	8.54909e-08	2.73053e-11
-2	37.1	7.6667e-08	2.173e-11
-2	37.6	6.88372e-08	2.01236e-11
-2	38.1	6.18802e-08	1.91362e-11
-2	38.6	5.56903e-08	1.68227e-11
-2	39.1	5.0176e-08	1.4834e-11
-2	39.6	4.52571e-08	1.3679e-11
-2	40.1	4.08639e-08	2.96279e-11
-1.5	0.1	0.114777	2.88898e-11
-1.5	0.6	0.36674	2.91885e-11
-1.5	1.1	0.445968	2.9441e-11
-1.5	1.6	0.422376	2.95672e-11
-1.5	2.1	0.350981	2.9486e-11
-1.5	2.6	0.26755	2.93495e-11
-1.5	3.1	0.192112	2.93589e-11
-1.5	3.6	0.132551	2.94959e-11
-1.5	4.1	0.0892642	2.9277e-11
-1.5	4.6	0.0593771	2.91491e-11
-1.5	5.1	0.0393553	2.90291e-11
-1.5	5.6	0.0261512	2.9041e-11
-1.5	6.1	0.0174933	2.89217e-11
-1.5	6.6	0.0118109	2.92556e-11
-1.5	7.1	0.00806133	2.86324e-11
-1.5	7.6	0.00556678	2.85315e-11
-1.5	8.1	0.0038906	2.91701e-11
-1.5	8.6	0.00275194	2.87737e-11
-1.5	9.1	0.00196959	2.88726e-11
-1.5	9.6	0.00142583	2.96298e-11
-1.5	10.1	0.00104358	2.79409e-11
-1.5	10.6	0.000771866	2.89955e-11
-1.5	11.1	0.000576628	2.79561e-11
-1.5	11.6	0.000435011	2.84992e-11
-1.5	12.1	0.000331217	2.91547e-11
-1.5	12.6	0.000254328	2.90512e-11
-1.5	13.1	0.000196859	2.81139e-11
-1.5	13.6	0.000153538	2.91729e-11
-1.5	14.1	0.000120616	2.83853e-11
-1.5	14.6	9.54026e-05	2.73595e-11
-1.5	15.1	7.5951e-05	2.95499e-11
-1.5	15.6	6.08388e-05	2.86394e-11
-1.5	16.1	4.90195e-05	2.5369e-11
-1.5	16.6	3.97167e-05	2.75897e-11
-1.5	17.1	3.23502e-05	2.34548e-11
-1.5	17.6	2.64832e-05	2.80214e-11
-1.5	18.1	2.17846e-05	2.34901e-11
-1.5	18.6	1.8002e-05	2.49246e-11
-1.5	19.1	1.49414e-05	2.5395e-11
-1.5	19.6	1.24531e-05	2.79437e-11
-1.5	20.1	1.04207e-05	2.73127e-11
-1.5	20.6	8.75347e-06	2.83255e-11
-1.5	21.1	7.37995e-06	2.36331e-11
-1.5	21.6	6.24381e-06	2.4923e-11
-1.5	22.1	5.3004e-06	2.7226e-11
-1.5	22.6	4.51409e-06	2.34983e-11
-1.5	23.1	3.85638e-06	2.49882e-11
-1.5	23.6	3.30433e-06	2.31534e-11
-1.5	24.1	2.83944e-06	2.5642e-11
-1.5	24.6	2.4467e-06	2.65358e-11
-1.5	25.1	2.11389e-06	2.92405e-11
-1.5	25.6	1.83104e-06	2.36955e-11
-1.5	26.1	1.58995e-06	2.62109e-11
-1.5	26.6	1.3839e-06	2.81968e-11
-1.5	27.1	1.20733e-06	2.44852e-11
-1.5	27.6	1.05562e-06	2.58015e-11
-1.5	28.1	9.24965e-07	2.71784e-11
-1.5	28.6	8.12162e-07	2.39327e-11
-1.5	29.1	7.14548e-07	2.62584e-11
-1.5	29.6	6.29888e-07	2.2573e-11
-1.5	30.1	5.56305e-07	2.91802e-11
-1.5	30.6	4.92213e-07	2.4951e-11
-1.5	31.1	4.36276e-07	2.16594e-11
-1.5	31.6	3.87358e-07	2.59523e-11
-1.5	32.1	3.44496e-07	2.25748e-11
-1.5	32.6	3.06872e-07	2.90924e-11
-1.5	33.1	2.73785e-07	1.92702e-11
-1.5	33.6	2.44637e-07	1.69402e-11
-1.5	34.1	2.18916e-07	1.49435e-11
-1.5	34.6	1.9618e-07	1.36341e-11
-1.5	35.1	1.76051e-07	1.16916e-11
-1.5	35.6	1.58202e-07	2.9124e-11
-1.5	36.1	1.42351e-07	2.28777e-11
-1.5	36.6	1.28253e-07	2.04197e-11
-1.5	37.1	1.15696e-07	1.89261e-11
-1.5	37.6	1.04496e-07	2.27573e-11
-1.5	38.1	9.4492e-08	2.5341e-11
-1.5	38.6	8.55449e-08	2.2567e-11
-1.5	39.1	7.75327e-08	2.06696e-11
-1.5	39.6	7.03484e-08	2.66024e-11
-1.5	40.1	6.38978e-08	2.58938e-11
-1	0.1	0.10927	2.89359e-11
-1	0.6	0.34982	2.92776e-11
-1	1.1	0.432004	2.94109e-11
-1	1.6	0.416047	2.94162e-11
-1	2.1	0.350824	2.9329e-11
-1	2.6	0.270715	2.95453e-11
-1	3.1	0.196292	2.95307e-11
-1	3.6	0.136465	2.93812e-11
-1	4.1	0.0924364	2.91985e-11
-1	4.6	0.061765	2.94376e-11
-1	5.1	0.0410853	2.93423e-11
-1	5.6	0.0273824	2.92674e-11
-1	6.1	0.0183648	2.85929e-11
-1	6.6	0.0124291	2.87622e-11
-1	7.1	0.00850275	2.89109e-11
-1	7.6	0.00588488	2.94877e-11
-1	8.1	0.00412225	2.90781e-11
-1	8.6	0.00292252	2.84739e-11
-1	9.1	0.0020966	2.90574e-11
-1	9.6	0.00152143	2.85192e-11
-1	10.1	0.0011163	2.91089e-11
-1	10.6	0.000827737	2.8851e-11
-1	11.1	0.000619963	2.9602e-11
-1	11.6	0.000468797	2.78873e-11
-1	12.1	0.000357714	2.81997e-11
-1	12.6	0.000275303	2.85348e-11
-1	13.1	0.000213607	2.94341e-11
-1	13.6	0.000167018	2.93612e-11
-1	14.1	0.000131545	2.7348e-11
-1	14.6	0.000104325	2.87494e-11
-1	15.1	8.32808e-05	2.94689e-11
-1	15.6	6.68962e-05	2.81721e-11
-1	16.1	5.4053e-05	2.76977e-11
-1	16.6	4.39212e-05	2.54276e-11
-1	17.1	3.58793e-05	2.77031e-11
-1	17.6	2.9459e-05	2.48108e-11
-1	18.1	2.43048e-05	2.68236e-11
-1	18.6	2.0145e-05	2.76775e-11
-1	19.1	1.67728e-05	2.8843e-11
-1	19.6	1.40242e-05	2.93726e-11
-1	20.1	1.17729e-05	2.76285e-11
-1	20.6	9.92097e-06	2.41288e-11
-1	21.1	8.39102e-06	2.64016e-11
-1	21.6	7.12198e-06	2.7857e-11
-1	22.1	6.06527e-06	2.22854e-11
-1	22.6	5.18206e-06	2.57821e-11
-1	23.1	4.44124e-06	2.35668e-11
-1	23.6	3.81769e-06	2.76211e-11
-1	24.1	3.29113e-06	2.85149e-11
-1	24.6	2.84504e-06	2.83877e-11
-1	25.1	2.46597e-06	2.68566e-11
-1	25.6	2.14288e-06	2.52783e-11
-1	26.1	1.86674e-06	2.85026e-11
-1	26.6	1.63006e-06	2.46087e-11
-1	27.1	1.42667e-06	2.69543e-11
-1	27.6	1.25144e-06	2.57134e-11
-1	28.1	1.1001e-06	2.96079e-11
-1	28.6	9.69062e-07	2.6298e-11
-1	29.1	8.55353e-07	2.9058e-11
-1	29.6	7.56456e-07	2.50739e-11
-1	30.1	6.70255e-07	2.19052e-11
-1	30.6	5.94962e-07	2.81653e-11
-1	31.1	5.29061e-07	2.47041e-11
-1	31.6	4.71268e-07	2.17406e-11
-1	32.1	4.20486e-07	2.602e-11
-1	32.6	3.75783e-07	2.28362e-11
-1	33.1	3.36359e-07	2.2289e-11
-1	33.6	3.0153e-07	1.97114e-11
-1	34.1	2.70708e-07	1.74655e-11
-1	34.6	2.43386e-07	1.69885e-11
-1	35.1	2.19128e-07	2.53773e-11
-1	35.6	1.97557e-07	2.72753e-11
-1	36.1	1.78345e-07	2.08402e-11
-1	36.6	1.61209e-07	1.78168e-11
-1	37.1	1.45902e-07	2.3352e-11
-1	37.6	1.3221e-07	2.25796e-11
-1	38.1	1.19946e-07	1.92314e-11
-1	38.6	1.08946e-07	2.62135e-11
-1	39.1	9.90675e-08	2.39423e-11
-1	39.6	9.01829e-08	2.45141e-11
-1	40.1	8.21846e-08	2.66347e-11
-0.5	0.1	0.102393	2.93036e-11
-0.5	0.6	0.330423	2.90803e-11
-0.5	1.1	0.414956	2.93871e-11
-0.5	1.6	0.406647	2.94089e-11
-0.5	2.1	0.348101	2.94465e-11
-0.5	2.6	0.27193	2.94103e-11
-0.5	3.1	0.199044	2.94365e-11
-0.5	3.6	0.139339	2.94061e-11
-0.5	4.1	0.0948419	2.94302e-11
-0.5	4.6	0.063582	2.90955e-11
-0.5	5.1	0.0423877	2.89599e-11
-0.5	5.6	0.0282926	2.92428e-11
-0.5	6.1	0.0189949	2.92922e-11
-0.5	6.6	0.0128655	2.91508e-11
-0.5	7.1	0.00880697	2.94705e-11
-0.5	7.6	0.00609906	2.96252e-11
-0.5	8.1	0.00427483	2.85112e-11
-0.5	8.6	0.00303261	2.85109e-11
-0.5	9.1	0.00217707	2.90478e-11
-0.5	9.6	0.00158102	2.9107e-11
-0.5	10.1	0.00116096	2.94031e-11
-0.5	10.6	0.00086161	2.92617e-11
-0.5	11.1	0.000645942	2.77832e-11
-0.5	11.6	0.000488929	2.77349e-11
-0.5	12.1	0.000373469	2.80346e-11
-0.5	12.6	0.000287746	2.85629e-11
-0.5	13.1	0.000223518	2.9409e-11
-0.5	13.6	0.000174975	2.89799e-11
-0.5	14.1	0.000137982	2.91487e-11
-0.5	14.6	0.000109568	2.91715e-11
-0.5	15.1	8.75792e-05	2.92816e-11
-0.5	15.6	7.04418e-05	2.72584e-11
-0.5	16.1	5.69946e-05	2.78663e-11
-0.5	16.6	4.63748e-05	2.94818e-11
-0.5	17.1	3.79363e-05	2.59517e-11
-0.5	17.6	3.11918e-05	2.36318e-11
-0.5	18.1	2.57711e-05	2.66257e-11
-0.5	18.6	2.13912e-05	2.40084e-11
-0.5	19.1	1.78342e-05	2.53542e-11
-0.5	19.6	1.49314e-05	2.90415e-11
-0.5	20.1	1.25516e-05	2.90137e-11
-0.5	20.6	1.05918e-05	2.88244e-11
-0.5	21.1	8.971e-06	2.95234e-11
-0.5	21.6	7.62512e-06	2.43727e-11
-0.5	22.1	6.50315e-06	2.47593e-11
-0.5	22.6	5.56432e-06	2.65717e-11
-0.5	23.1	4.7759e-06	2.17511e-11
-0.5	23.6	4.1115e-06	2.38199e-11
-0.5	24.1	3.54975e-06	2.60457e-11
-0.5	24.6	3.07326e-06	2.94404e-11
-0.5	25.1	2.66785e-06	2.54205e-11
-0.5	25.6	2.32188e-06	2.85737e-11
-0.5	26.1	2.0258e-06	2.39508e-11
-0.5	26.6	1.77171e-06	2.6911e-11
-0.5	27.1	1.55307e-06	2.33081e-11
-0.5	27.6	1.36445e-06	2.56319e-11
-0.5	28.1	1.20132e-06	2.87492e-11
-0.5	28.6	1.0599e-06	2.87855e-11
-0.5	29.1	9.3702e-07	2.45316e-11
-0.5	29.6	8.3e-07	2.66373e-11
-0.5	30.1	7.36592e-07	2.35082e-11
-0.5	30.6	6.54893e-07	2.11002e-11
-0.5	31.1	5.83299e-07	2.64702e-11
-0.5	31.6	5.20434e-07	2.34603e-11
-0.5	32.1	4.65118e-07	2.79981e-11
-0.5	32.6	4.16353e-07	2.46138e-11
-0.5	33.1	3.73286e-07	2.39493e-11
-0.5	33.6	3.35184e-07	2.12283e-11
-0.5	34.1	3.01417e-07	1.8852e-11
-0.5	34.6	2.71443e-07	1.67692e-11
-0.5	35.1	2.44791e-07	2.81033e-11
-0.5	35.6	2.21057e-07	2.05728e-11
-0.5	36.1	1.99889e-07	2.94414e-11
-0.5	36.6	1.80982e-07	2.88863e-11
-0.5	37.1	1.64068e-07	2.56677e-11
-0.5	37.6	1.48917e-07	2.39088e-11
-0.5	38.1	1.35327e-07	2.03277e-11
-0.5	38.6	1.2312e-07	2.81121e-11
-0.5	39.1	1.12141e-07	2.03446e-11
-0.5	39.6	1.02253e-07	2.22463e-11
-0.5	40.1	9.3339e-08	1.96831e-11
0	0.1	0.0943709	2.89061e-11
0	0.6	0.308871	2.95134e-11
0	1.1	0.395145	2.94224e-11
0	1.6	0.394565	2.94402e-11
0	2.1	0.343225	2.93409e-11
0	2.6	0.271604	2.9571e-11
0	3.1	0.200742	2.95391e-11
0	3.6	0.141483	2.94401e-11
0	4.1	0.0967238	2.935e-11
0	4.6	0.06501	2.90827e-11
0	5.1	0.0433948	2.91388e-11
0	5.6	0.0289767	2.88927e-11
0	6.1	0.0194516	2.95069e-11
0	6.6	0.0131689	2.9398e-11
0	7.1	0.00900911	2.92043e-11
0	7.6	0.00623481	2.93895e-11
0	8.1	0.004367	2.91559e-11
0	8.6	0.00309601	2.89608e-11
0	9.1	0.00222129	2.89837e-11
0	9.6	0.0016123	2.91029e-11
0	10.1	0.00118342	2.91604e-11
0	10.6	0.000877955	2.92668e-11
0	11.1	0.000658003	2.91349e-11
0	11.6	0.000497947	2.77033e-11
0	12.1	0.000380295	2.82857e-11
0	12.6	0.000292974	2.8483e-11
0	13.1	0.000227568	2.91734e-11
0	13.6	0.000178144	2.92392e-11
0	14.1	0.000140486	2.89265e-11
0	14.6	0.000111565	2.83858e-11
0	15.1	8.91859e-05	2.78676e-11
0	15.6	7.17445e-05	2.78457e-11
0	16.1	5.80587e-05	2.81316e-11
0	16.6	4.72501e-05	2.32482e-11
0	17.1	3.8661e-05	2.45808e-11
0	17.6	3.17955e-05	2.61006e-11
0	18.1	2.62769e-05	2.73416e-11
0	18.6	2.18171e-05	2.72004e-11
0	19.1	1.81947e-05	2.66903e-11
0	19.6	1.52381e-05	2.44214e-11
0	20.1	1.28136e-05	2.52544e-11
0	20.6	1.08165e-05	2.58882e-11
0	21.1	9.16456e-06	2.53672e-11
0	21.6	7.79246e-06	2.62573e-11
0	22.1	6.64832e-06	2.69785e-11
0	22.6	5.69069e-06	2.88965e-11
0	23.1	4.88625e-06	2.52267e-11
0	23.6	4.20816e-06	2.6867e-11
0	24.1	3.63466e-06	2.61452e-11
0	24.6	3.14805e-06	2.9096e-11
0	25.1	2.73391e-06	2.34924e-11
0	25.6	2.38037e-06	2.67248e-11
0	26.1	2.07771e-06	2.83139e-11
0	26.6	1.81788e-06	2.936e-11
0	27.1	1.59423e-06	2.74159e-11
0	27.6	1.40122e-06	2.6352e-11
0	28.1	1.23424e-06	2.72258e-11
0	28.6	1.08943e-06	2.33779e-11
0	29.1	9.63555e-07	2.61431e-11
0	29.6	8.53889e-07	2.76802e-11
0	30.1	7.58136e-07	2.74441e-11
0	30.6	6.74355e-07	2.3249e-11
0	31.1	6.00897e-07	1.97726e-11
0	31.6	5.36364e-07	2.53049e-11
0	32.1	4.79561e-07	2.17602e-11
0	32.6	4.2947e-07	2.62869e-11
0	33.1	3.85215e-07	2.29135e-11
0	33.6	3.46049e-07	2.00327e-11
0	34.1	3.11328e-07	2.68607e-11
0	34.6	2.80494e-07	1.67674e-11
0	35.1	2.53068e-07	1.48103e-11
0	35.6	2.28637e-07	1.32432e-11
0	36.1	2.06838e-07	2.21167e-11
0	36.6	1.8736e-07	2.49843e-11
0	37.1	1.69929e-07	2.35879e-11
0	37.6	1.5431e-07	1.5588e-11
0	38.1	1.40293e-07	2.57547e-11
0	38.6	1.27699e-07	2.48248e-11
0	39.1	1.16367e-07	2.14183e-11
0	39.6	1.06158e-07	2.49619e-11
0	40.1	9.69494e-08	2.31709e-11
0.5	0.1	0.0853959	2.92684e-11
0.5	0.6	0.28533	2.95344e-11
0.5	1.1	0.37264	2.95107e-11
0.5	1.6	0.379863	2.96211e-11
0.5	2.1	0.336264	2.95836e-11
0.5	2.6	0.269823	2.94987e-11
0.5	3.1	0.201484	2.95522e-11
0.5	3.6	0.142992	2.94234e-11
0.5	4.1	0.0981612	2.94513e-11
0.5	4.6	0.0661088	2.9259e-11
0.5	5.1	0.0441499	2.9478e-11
0.5	5.6	0.0294651	2.91939e-11
0.5	6.1	0.019756	2.89894e-11
0.5	6.6	0.013354	2.92794e-11
0.5	7.1	0.0091195	2.94832e-11
0.5	7.6	0.00629948	2.90467e-11
0.5	8.1	0.00440408	2.87075e-11
0.5	8.6	0.0031166	2.95058e-11
0.5	9.1	0.00223213	2.88233e-11
0.5	9.6	0.00161746	2.94911e-11
0.5	10.1	0.00118531	2.86333e-11
0.5	10.6	0.000878036	2.92334e-11
0.5	11.1	0.000657127	2.9531e-11
0.5	11.6	0.000496615	2.89597e-11
0.5	12.1	0.000378796	2.74827e-11
0.5	12.6	0.000291468	2.85994e-11
0.5	13.1	0.000226139	2.92232e-11
0.5	13.6	0.000176833	2.95576e-11
0.5	14.1	0.000139308	2.74703e-11
0.5	14.6	0.00011052	2.89618e-11
0.5	15.1	8.82661e-05	2.92181e-11
0.5	15.6	7.09398e-05	2.8462e-11
0.5	16.1	5.73571e-05	2.84227e-11
0.5	16.6	4.66396e-05	2.84321e-11
0.5	17.1	3.81302e-05	2.91967e-11
0.5	17.6	3.1334e-05	2.59443e-11
0.5	18.1	2.58755e-05	2.75965e-11
0.5	18.6	2.14677e-05	2.84918e-11
0.5	19.1	1.78902e-05	2.50767e-11
0.5	19.6	1.49723e-05	2.93427e-11
0.5	20.1	1.25813e-05	2.87883e-11
0.5	20.6	1.06132e-05	2.6827e-11
0.5	21.1	8.98621e-06	2.77117e-11
0.5	21.6	7.63576e-06	2.81994e-11
0.5	22.1	6.51039e-06	2.74844e-11
0.5	22.6	5.56906e-06	2.91964e-11
0.5	23.1	4.7788e-06	2.83884e-11
0.5	23.6	4.11306e-06	2.77597e-11
0.5	24.1	3.55033e-06	2.65061e-11
0.5	24.6	3.07314e-06	2.63894e-11
0.5	25.1	2.66724e-06	2.7683e-11
0.5	25.6	2.32094e-06	2.46475e-11
0.5	26.1	2.02464e-06	2.92377e-11
0.5	26.6	1.77041e-06	2.47419e-11
0.5	27.1	1.5517e-06	2.73132e-11
0.5	27.6	1.36306e-06	2.75266e-11
0.5	28.1	1.19994e-06	2.73659e-11
0.5	28.6	1.05855e-06	2.90839e-11
0.5	29.1	9.35712e-07	2.49076e-11
0.5	29.6	8.28748e-07	2.61835e-11
0.5	30.1	7.35403e-07	2.88779e-11
0.5	30.6	6.5377e-07	2.55048e-11
0.5	31.1	5.82235e-07	2.60491e-11
0.5	31.6	5.19419e-07	2.19428e-11
0.5	32.1	4.64157e-07	2.73477e-11
0.5	32.6	4.15447e-07	2.29655e-11
0.5	33.1	3.72434e-07	2.67463e-11
0.5	33.6	3.34386e-07	2.26844e-11
0.5	34.1	3.00672e-07	2.83223e-11
0.5	34.6	2.70748e-07	2.71631e-11
0.5	35.1	2.44144e-07	2.37869e-11
0.5	35.6	2.20455e-07	2.08507e-11
0.5	36.1	1.9933e-07	1.84528e-11
0.5	36.6	1.80462e-07	1.04061e-11
0.5	37.1	1.63586e-07	9.22464e-12
0.5	37.6	1.48471e-07	8.53405e-12
0.5	38.1	1.34913e-07	2.28247e-11
0.5	38.6	1.22736e-07	2.22153e-11
0.5	39.1	1.11786e-07	2.53111e-11
0.5	39.6	1.01925e-07	2.90904e-11
0.5	40.1	9.30343e-08	2.77953e-11
1	0.1	0.0756306	2.90634e-11
1	0.6	0.259825	2.96145e-11
1	1.1	0.347295	2.96274e-11
1	1.6	0.362324	2.96027e-11
1	2.1	0.326997	2.9313e-11
1	2.6	0.26639	2.93917e-11
1	3.1	0.201119	2.95489e-11
1	3.6	0.143756	2.95946e-11
1	4.1	0.0990723	2.95333e-11
1	4.6	0.066817	2.92855e-11
1	5.1	0.0446059	2.94927e-11
1	5.6	0.0297217	2.89605e-11
1	6.1	0.0198805	2.91718e-11
1	6.6	0.0133999	2.87937e-11
1	7.1	0.00912249	2.96124e-11
1	7.6	0.00628134	2.90365e-11
1	8.1	0.00437726	2.88678e-11
1	8.6	0.00308777	2.90112e-11
1	9.1	0.00220462	2.89976e-11
1	9.6	0.0015927	2.93134e-11
1	10.1	0.00116377	2.79817e-11
1	10.6	0.000859651	2.82607e-11
1	11.1	0.000641617	2.84143e-11
1	11.6	0.00048362	2.87732e-11
1	12.1	0.000367945	2.78041e-11
1	12.6	0.000282421	2.80384e-11
1	13.1	0.000218596	2.75773e-11
1	13.6	0.000170537	2.84274e-11
1	14.1	0.000134043	2.78765e-11
1	14.6	0.000106107	2.84989e-11
1	15.1	8.4559e-05	2.92419e-11
1	15.6	6.78163e-05	2.84536e-11
1	16.1	5.47176e-05	2.71312e-11
1	16.6	4.44023e-05	2.75322e-11
1	17.1	3.62281e-05	2.8857e-11
1	17.6	2.97119e-05	2.88457e-11
1	18.1	2.4488e-05	2.80799e-11
1	18.6	2.02774e-05	2.7542e-11
1	19.1	1.6866e-05	2.80518e-11
1	19.6	1.40885e-05	2.6026e-11
1	20.1	1.18164e-05	2.69814e-11
1	20.6	9.94944e-06	2.82582e-11
1	21.1	8.40873e-06	2.83705e-11
1	21.6	7.13202e-06	2.5798e-11
1	22.1	6.06986e-06	2.70905e-11
1	22.6	5.18287e-06	2.51523e-11
1	23.1	4.43944e-06	2.74618e-11
1	23.6	3.81416e-06	2.96009e-11
1	24.1	3.28649e-06	2.80944e-11
1	24.6	2.83974e-06	2.6659e-11
1	25.1	2.46033e-06	2.58618e-11
1	25.6	2.13714e-06	2.92192e-11
1	26.1	1.86105e-06	2.82092e-11
1	26.6	1.62453e-06	2.85773e-11
1	27.1	1.42137e-06	2.65917e-11
1	27.6	1.24641e-06	2.62372e-11
1	28.1	1.09536e-06	2.9463e-11
1	28.6	9.6463e-07	2.77518e-11
1	29.1	8.51225e-07	2.75205e-11
1	29.6	7.52626e-07	2.62114e-11
1	30.1	6.66712e-07	2.69903e-11
1	30.6	5.91691e-07	2.8093e-11
1	31.1	5.26047e-07	2.46944e-11
1	31.6	4.68494e-07	2.70369e-11
1	32.1	4.17937e-07	2.4006e-11
1	32.6	3.73441e-07	2.89031e-11
1	33.1	3.3421e-07	2.53856e-11
1	33.6	2.99558e-07	2.74002e-11
1	34.1	2.68898e-07	2.86819e-11
1	34.6	2.41726e-07	2.499e-11
1	35.1	2.17605e-07	2.71293e-11
1	35.6	1.9616e-07	2.33542e-11
1	36.1	1.77063e-07	2.02091e-11
1	36.6	1.60032e-07	1.75683e-11
1	37.1	1.44822e-07	1.53646e-11
1	37.6	1.31218e-07	1.34442e-11
1	38.1	1.19034e-07	7.86932e-12
1	38.6	1.08108e-07	6.78437e-12
1	39.1	9.82964e-08	5.85441e-12
1	39.6	8.94745e-08	5.00195e-12
1	40.1	8.15323e-08	1.92352e-11
1.5	0.1	0.0652103	2.92075e-11
1.5	0.6	0.232246	2.9175e-11
1.5	1.1	0.318753	2.94696e-11
1.5	1.6	0.341396	2.94946e-11
1.5	2.1	0.314936	2.94286e-11
1.5	2.6	0.260828	2.94153e-11
1.5	3.1	0.199231	2.93941e-11
1.5	3.6	0.143439	2.93594e-11
1.5	4.1	0.0991953	2.94663e-11
1.5	4.6	0.0669345	2.93463e-11
1.5	5.1	0.0446118	2.95968e-11
1.5	5.6	0.0296341	2.92234e-11
1.5	6.1	0.0197422	2.94529e-11
1.5	6.6	0.0132455	2.911e-11
1.5	7.1	0.0089732	2.9474e-11
1.5	7.6	0.00614741	2.93979e-11
1.5	8.1	0.00426222	2.92423e-11
1.5	8.6	0.00299152	2.92958e-11
1.5	9.1	0.00212534	2.88053e-11
1.5	9.6	0.001528	2.77294e-11
1.5	10.1	0.00111122	2.80526e-11
1.5	10.6	0.000817051	2.92604e-11
1.5	11.1	0.000607081	2.89722e-11
1.5	11.6	0.00045558	2.93127e-11
1.5	12.1	0.000345125	2.81056e-11
1.5	12.6	0.000263794	2.76571e-11
1.5	13.1	0.000203338	2.88642e-11
1.5	13.6	0.000157994	2.70351e-11
1.5	14.1	0.000123692	2.91105e-11
1.5	14.6	9.75316e-05	2.84088e-11
1.5	15.1	7.7426e-05	2.78381e-11
1.5	15.6	6.18602e-05	2.92218e-11
1.5	16.1	4.9725e-05	2.96183e-11
1.5	16.6	4.02015e-05	2.86613e-11
1.5	17.1	3.26804e-05	2.95707e-11
1.5	17.6	2.6705e-05	2.94623e-11
1.5	18.1	2.19305e-05	2.92136e-11
1.5	18.6	1.80948e-05	2.76815e-11
1.5	19.1	1.49972e-05	2.91985e-11
1.5	19.6	1.24834e-05	2.89803e-11
1.5	20.1	1.04335e-05	2.69387e-11
1.5	20.6	8.75442e-06	2.75409e-11
1.5	21.1	7.37312e-06	2.14134e-11
1.5	21.6	6.23206e-06	2.87098e-11
1.5	22.1	5.28571e-06	2.95238e-11
1.5	22.6	4.49785e-06	2.90696e-11
1.5	23.1	3.83953e-06	2.73195e-11
1.5	23.6	3.28752e-06	2.86413e-11
1.5	24.1	2.8231e-06	2.60443e-11
1.5	24.6	2.43108e-06	2.81009e-11
1.5	25.1	2.09916e-06	2.77603e-11
1.5	25.6	1.81727e-06	2.72505e-11
1.5	26.1	1.57718e-06	2.85258e-11
1.5	26.6	1.37211e-06	2.89252e-11
1.5	27.1	1.19649e-06	2.90141e-11
1.5	27.6	1.0457e-06	2.90739e-11
1.5	28.1	9.15895e-07	2.42073e-11
1.5	28.6	8.03889e-07	2.90222e-11
1.5	29.1	7.07013e-07	2.5886e-11
1.5	29.6	6.23033e-07	2.44609e-11
1.5	30.1	5.50072e-07	2.87321e-11
1.5	30.6	4.8655e-07	2.63998e-11
1.5	31.1	4.3113e-07	2.35016e-11
1.5	31.6	3.82684e-07	2.66459e-11
1.5	32.1	3.40251e-07	2.8211e-11
1.5	32.6	3.03015e-07	2.39309e-11
1.5	33.1	2.7028e-07	2.78076e-11
1.5	33.6	2.41451e-07	2.52299e-11
1.5	34.1	2.16018e-07	2.68267e-11
1.5	34.6	1.93544e-07	2.80381e-11
1.5	35.1	1.73652e-07	2.91039e-11
1.5	35.6	1.56018e-07	2.55753e-11
1.5	36.1	1.4036e-07	2.68135e-11
1.5	36.6	1.26438e-07	2.66273e-11
1.5	37.1	1.1404e-07	2.36641e-11
1.5	37.6	1.02984e-07	2.10455e-11
1.5	38.1	9.31117e-08	2.77242e-11
1.5	38.6	8.42836e-08	2.48136e-11
1.5	39.1	7.63792e-08	2.2238e-11
1.5	39.6	6.92928e-08	2.79291e-11
1.5	40.1	6.29318e-08	2.15525e-11
2	0.1	0.0542531	2.95398e-11
2	0.6	0.20236	2.94261e-11
2	1.1	0.286425	2.9385e-11
2	1.6	0.316251	2.94405e-11
2	2.1	0.299317	2.95612e-11
2	2.6	0.252373	2.93812e-11
2	3.1	0.195116	2.94766e-11
2	3.6	0.141442	2.957e-11
2	4.1	0.0980505	2.95822e-11
2	4.6	0.0660907	2.92957e-11
2	5.1	0.0438896	2.96266e-11
2	5.6	0.0289973	2.95949e-11
2	6.1	0.0191917	2.96279e-11
2	6.6	0.012783	2.90567e-11
2	7.1	0.00859389	2.95715e-11
2	7.6	0.00584161	2.93161e-11
2	8.1	0.00401842	2.90618e-11
2	8.6	0.00279839	2.89016e-11
2	9.1	0.00197279	2.84708e-11
2	9.6	0.00140755	2.86711e-11
2	10.1	0.00101598	2.95404e-11
2	10.6	0.000741544	2.92848e-11
2	11.1	0.00054701	2.81484e-11
2	11.6	0.000407594	2.85673e-11
2	12.1	0.000306624	2.80004e-11
2	12.6	0.00023276	2.7772e-11
2	13.1	0.000178205	2.95669e-11
2	13.6	0.000137542	2.78914e-11
2	14.1	0.000106972	2.85919e-11
2	14.6	8.37986e-05	2.9474e-11
2	15.1	6.60954e-05	2.76144e-11
2	15.6	5.24705e-05	2.94652e-11
2	16.1	4.19104e-05	2.81908e-11
2	16.6	3.36707e-05	2.79317e-11
2	17.1	2.72007e-05	2.72602e-11
2	17.6	2.20895e-05	2.94565e-11
2	18.1	1.80284e-05	2.89558e-11
2	18.6	1.4784e-05	2.87553e-11
2	19.1	1.21784e-05	2.84612e-11
2	19.6	1.00754e-05	2.7573e-11
2	20.1	8.36992e-06	2.8492e-11
2	20.6	6.98055e-06	2.94592e-11
2	21.1	5.84374e-06	2.7664e-11
2	21.6	4.90971e-06	2.62029e-11
2	22.1	4.13921e-06	2.95063e-11
2	22.6	3.50118e-06	2.67481e-11
2	23.1	2.9709e-06	2.78073e-11
2	23.6	2.52862e-06	2.47755e-11
2	24.1	2.15848e-06	2.74959e-11
2	24.6	1.84771e-06	2.96023e-11
2	25.1	1.58596e-06	2.48693e-11
2	25.6	1.36484e-06	2.95311e-11
2	26.1	1.1775e-06	2.79773e-11
2	26.6	1.01833e-06	2.90353e-11
2	27.1	8.82729e-07	2.94021e-11
2	27.6	7.6691e-07	2.6431e-11
2	28.1	6.67736e-07	2.70602e-11
2	28.6	5.82608e-07	2.67867e-11
2	29.1	5.09365e-07	2.67564e-11
2	29.6	4.46204e-07	2.34731e-11
2	30.1	3.91618e-07	2.02609e-11
2	30.6	3.44342e-07	2.67664e-11
2	31.1	3.03313e-07	2.84299e-11
2	31.6	2.67634e-07	2.22831e-11
2	32.1	2.36547e-07	2.84119e-11
2	32.6	2.09411e-07	2.68774e-11
2	33.1	1.8568e-07	2.43804e-11
2	33.6	1.6489e-07	2.69478e-11
2	34.1	1.46645e-07	2.54827e-11
2	34.6	1.30607e-07	2.51645e-11
2	35.1	1.16486e-07	2.57148e-11
2	35.6	1.04034e-07	2.49154e-11
2	36.1	9.30364e-08	2.3535e-11
2	36.6	8.33085e-08	2.96295e-11
2	37.1	7.46915e-08	2.79336e-11
2	37.6	6.70476e-08	2.62188e-11
2	38.1	6.02578e-08	2.45252e-11
2	38.6	5.42184e-08	2.87618e-11
2	39.1	4.88395e-08	2.70774e-11
2	39.6	4.40427e-08	2.54354e-11
2	40.1	3.97598e-08	2.38502e-11
2.5	0.1	0.0428966	2.91498e-11
2.5	0.6	0.169874	2.93612e-11
2.5	1.1	0.249534	2.96249e-11
2.5	1.6	0.285742	2.95496e-11
2.5	2.1	0.279093	2.95473e-11
2.5	2.6	0.239982	2.95172e-11
2.5	3.1	0.187767	2.94648e-11
2.5	3.6	0.136875	2.93819e-11
2.5	4.1	0.094908	2.93371e-11
2.5	4.6	0.0637198	2.93149e-11
2.5	5.1	0.0420175	2.94488e-11
2.5	5.6	0.0275055	2.92691e-11
2.5	6.1	0.0180116	2.90309e-11
2.5	6.6	0.0118595	2.93557e-11
2.5	7.1	0.00787764	2.90024e-11
2.5	7.6	0.00528942	2.95814e-11
2.5	8.1	0.0035939	2.95063e-11
2.5	8.6	0.00247211	2.93491e-11
2.5	9.1	0.00172159	2.90801e-11
2.5	9.6	0.00121356	2.95486e-11
2.5	10.1	0.000865554	2.77954e-11
2.5	10.6	0.000624344	2.94304e-11
2.5	11.1	0.000455224	2.93938e-11
2.5	11.6	0.000335323	2.81427e-11
2.5	12.1	0.000249405	2.78667e-11
2.5	12.6	0.000187208	2.77495e-11
2.5	13.1	0.000141743	2.89138e-11
2.5	13.6	0.000108201	2.87665e-11
2.5	14.1	8.32369e-05	2.8092e-11
2.5	14.6	6.45017e-05	2.95841e-11
2.5	15.1	5.03299e-05	2.96167e-11
2.5	15.6	3.95292e-05	2.90166e-11
2.5	16.1	3.1239e-05	2.90508e-11
2.5	16.6	2.48327e-05	2.74508e-11
2.5	17.1	1.98503e-05	2.87843e-11
2.5	17.6	1.59516e-05	2.73252e-11
2.5	18.1	1.28832e-05	2.76775e-11
2.5	18.6	1.04548e-05	2.9186e-11
2.5	19.1	8.52288e-06	2.87682e-11
2.5	19.6	6.97812e-06	2.82901e-11
2.5	20.1	5.73701e-06	2.89615e-11
2.5	20.6	4.73531e-06	2.76833e-11
2.5	21.1	3.92328e-06	2.7221e-11
2.5	21.6	3.26225e-06	2.82138e-11
2.5	22.1	2.72199e-06	2.78771e-11
2.5	22.6	2.27873e-06	2.59427e-11
2.5	23.1	1.91371e-06	2.80085e-11
2.5	23.6	1.61206e-06	2.62504e-11
2.5	24.1	1.36193e-06	2.78728e-11
2.5	24.6	1.15385e-06	2.68394e-11
2.5	25.1	9.80206e-07	2.75244e-11
2.5	25.6	8.34858e-07	2.66666e-11
2.5	26.1	7.12843e-07	2.69359e-11
2.5	26.6	6.1013e-07	2.7789e-11
2.5	27.1	5.2343e-07	2.73081e-11
2.5	27.6	4.50058e-07	2.9177e-11
2.5	28.1	3.87808e-07	2.68648e-11
2.5	28.6	3.34867e-07	2.61669e-11
2.5	29.1	2.89737e-07	2.73666e-11
2.5	29.6	2.51178e-07	2.11385e-11
2.5	30.1	2.18162e-07	2.46821e-11
2.5	30.6	1.89832e-07	2.00977e-11
2.5	31.1	1.65473e-07	2.61457e-11
2.5	31.6	1.44487e-07	2.42484e-11
2.5	32.1	1.26371e-07	2.1766e-11
2.5	32.6	1.10705e-07	2.54321e-11
2.5	33.1	9.7132e-08	2.71404e-11
2.5	33.6	8.53522e-08	2.68138e-11
2.5	34.1	7.51111e-08	2.71252e-11
2.5	34.6	6.61931e-08	2.71485e-11
2.5	35.1	5.84148e-08	2.49947e-11
2.5	35.6	5.16199e-08	2.51818e-11
2.5	36.1	4.56751e-08	2.74688e-11
2.5	36.6	4.04664e-08	2.62607e-11
2.5	37.1	3.5896e-08	2.55463e-11
2.5	37.6	3.18801e-08	2.11305e-11
2.5	38.1	2.83468e-08	1.738e-11
2.5	38.6	2.52338e-08	1.43405e-11
2.5	39.1	2.24876e-08	2.931e-11
2.5	39.6	2.0062e-08	2.5336e-11
2.5	40.1	1.7917e-08	2.19287e-11
3	0.1	0.0313976	2.93011e-11
3	0.6	0.134675	2.94504e-11
3	1.1	0.207323	2.94387e-11
3	1.6	0.248515	2.95488e-11
3	2.1	0.252943	2.95107e-11
3	2.6	0.222456	2.9457e-11
3	3.1	0.175963	2.96178e-11
3	3.6	0.128613	2.96027e-11
3	4.1	0.0888273	2.93834e-11
3	4.6	0.0590955	2.94081e-11
3	5.1	0.0384661	2.93933e-11
3	5.6	0.0247894	2.92878e-11
3	6.1	0.0159519	2.92818e-11
3	6.6	0.0103097	2.93521e-11
3	7.1	0.00671747	2.91503e-11
3	7.6	0.0044228	2.93335e-11
3	8.1	0.00294629	2.90934e-11
3	8.6	0.00198699	2.94829e-11
3	9.1	0.0013568	2.86533e-11
3	9.6	0.000937895	2.85785e-11
3	10.1	0.000656088	2.80808e-11
3	10.6	0.000464233	2.88161e-11
3	11.1	0.000332085	2.82181e-11
3	11.6	0.000240029	2.80372e-11
3	12.1	0.000175204	2.94083e-11
3	12.6	0.000129079	2.86305e-11
3	13.1	9.59348e-05	2.8874e-11
3	13.6	7.18938e-05	2.65903e-11
3	14.1	5.43e-05	2.81479e-11
3	14.6	4.13155e-05	2.95365e-11
3	15.1	3.16557e-05	2.90231e-11
3	15.6	2.44148e-05	2.85146e-11
3	16.1	1.8948e-05	2.79337e-11
3	16.6	1.47922e-05	2.83891e-11
3	17.1	1.16127e-05	2.75019e-11
3	17.6	9.16509e-06	2.76321e-11
3	18.1	7.26988e-06	2.88283e-11
3	18.6	5.79422e-06	2.89114e-11
3	19.1	4.63916e-06	2.66692e-11
3	19.6	3.73048e-06	2.69818e-11
3	20.1	3.0122e-06	2.95572e-11
3	20.6	2.44181e-06	2.92629e-11
3	21.1	1.98687e-06	2.89119e-11
3	21.6	1.62251e-06	2.85546e-11
3	22.1	1.32952e-06	2.93926e-11
3	22.6	1.09302e-06	2.84797e-11
3	23.1	9.01422e-07	2.67571e-11
3	23.6	7.45651e-07	2.76159e-11
3	24.1	6.18582e-07	2.64884e-11
3	24.6	5.14594e-07	2.6748e-11
3	25.1	4.29226e-07	2.89396e-11
3	25.6	3.58936e-07	2.76941e-11
3	26.1	3.00897e-07	2.88729e-11
3	26.6	2.52839e-07	2.72705e-11
3	27.1	2.12941e-07	2.61796e-11
3	27.6	1.79733e-07	2.82197e-11
3	28.1	1.52025e-07	2.62756e-11
3	28.6	1.28851e-07	2.84562e-11
3	29.1	1.09424e-07	2.94536e-11
3	29.6	9.31024e-08	2.78407e-11
3	30.1	7.93608e-08	2.66215e-11
3	30.6	6.77673e-08	2.60753e-11
3	31.1	5.79665e-08	2.58793e-11
3	31.6	4.96653e-08	2.95226e-11
3	32.1	4.2621e-08	2.87041e-11
3	32.6	3.66325e-08	2.82615e-11
3	33.1	3.15326e-08	2.85747e-11
3	33.6	2.71822e-08	2.39655e-11
3	34.1	2.3465e-08	2.56076e-11
3	34.6	2.02838e-08	2.67713e-11
3	35.1	1.7557e-08	2.76956e-11
3	35.6	1.52163e-08	2.3405e-11
3	36.1	1.3204e-08	2.53722e-11
3	36.6	1.14717e-08	2.14571e-11
3	37.1	9.97838e-09	2.73129e-11
3	37.6	8.6893e-09	2.33008e-11
3	38.1	7.57512e-09	2.78865e-11
3	38.6	6.61089e-09	2.38289e-11
3	39.1	5.77542e-09	2.85937e-11
3	39.6	5.05064e-09	2.45614e-11
3	40.1	4.42118e-09	2.89795e-11
3.5	0.1	0.0203157	2.96144e-11
3.5	0.6	0.0974155	2.93344e-11
3.5	1.1	0.159722	2.957e-11
3.5	1.6	0.203517	2.96072e-11
3.5	2.1	0.219059	2.95834e-11
3.5	2.6	0.198815	2.95698e-11
3.5	3.1	0.158614	2.94755e-11
3.5	3.6	0.115575	2.95372e-11
3.5	4.1	0.0788925	2.93842e-11
3.5	4.6	0.0515335	2.94141e-11
3.5	5.1	0.0327747	2.95611e-11
3.5	5.6	0.0205656	2.93449e-11
3.5	6.1	0.0128552	2.91448e-11
3.5	6.6	0.00805822	2.92131e-11
3.5	7.1	0.00508761	2.9516e-11
3.5	7.6	0.00324401	2.93329e-11
3.5	8.1	0.00209227	2.91305e-11
3.5	8.6	0.001366	2.9131e-11
3.5	9.1	0.00090298	2.90934e-11
3.5	9.6	0.000604306	2.92522e-11
3.5	10.1	0.000409303	2.95895e-11
3.5	10.6	0.000280443	2.93881e-11
3.5	11.1	0.000194281	2.84014e-11
3.5	11.6	0.000136008	2.86686e-11
3.5	12.1	9.61608e-05	2.67554e-11
3.5	12.6	6.86271e-05	2.77533e-11
3.5	13.1	4.94113e-05	2.82958e-11
3.5	13.6	3.58731e-05	2.86255e-11
3.5	14.1	2.62491e-05	2.6639e-11
3.5	14.6	1.93494e-05	2.84108e-11
3.5	15.1	1.43629e-05	2.87773e-11
3.5	15.6	1.07318e-05	2.78721e-11
3.5	16.1	8.06847e-06	2.68703e-11
3.5	16.6	6.10172e-06	2.90179e-11
3.5	17.1	4.63999e-06	2.79799e-11
3.5	17.6	3.54694e-06	2.62842e-11
3.5	18.1	2.72486e-06	2.58378e-11
3.5	18.6	2.10316e-06	2.38459e-11
3.5	19.1	1.63055e-06	2.85823e-11
3.5	19.6	1.2695e-06	2.80969e-11
3.5	20.1	9.92366e-07	2.79478e-11
3.5	20.6	7.78699e-07	2.95231e-11
3.5	21.1	6.13258e-07	2.94535e-11
3.5	21.6	4.84638e-07	2.83535e-11
3.5	22.1	3.84257e-07	2.7471e-11
3.5	22.6	3.05625e-07	2.48035e-11
3.5	23.1	2.43813e-07	2.80535e-11
3.5	23.6	1.95058e-07	2.68274e-11
3.5	24.1	1.5648e-07	2.78903e-11
3.5	24.6	1.25859e-07	2.74625e-11
3.5	25.1	1.01483e-07	2.66912e-11
3.5	25.6	8.20232e-08	2.68027e-11
3.5	26.1	6.64465e-08	2.92671e-11
3.5	26.6	5.39456e-08	2.64592e-11
3.5	27.1	4.38883e-08	2.52039e-11
3.5	27.6	3.57777e-08	2.78002e-11
3.5	28.1	2.92221e-08	2.79862e-11
3.5	28.6	2.39117e-08	2.67933e-11
3.5	29.1	1.96009e-08	2.44939e-11
3.5	29.6	1.60945e-08	2.38677e-11
3.5	30.1	1.32369e-08	2.39893e-11
3.5	30.6	1.09037e-08	2.52231e-11
3.5	31.1	8.99524e-09	2.9559e-11
3.5	31.6	7.4315e-09	2.36635e-11
3.5	32.1	6.14808e-09	2.58862e-11
3.5	32.6	5.09307e-09	2.83859e-11
3.5	33.1	4.22448e-09	2.31254e-11
3.5	33.6	3.50832e-09	2.62052e-11
3.5	34.1	2.91699e-09	2.13525e-11
3.5	34.6	2.42807e-09	2.67488e-11
3.5	35.1	2.0233e-09	2.18232e-11
3.5	35.6	1.68776e-09	1.78314e-11
3.5	36.1	1.40927e-09	1.45912e-11
3.5	36.6	1.17787e-09	1.19569e-11
3.5	37.1	9.85387e-10	2.5693e-11
3.5	37.6	8.25076e-10	2.14978e-11
3.5	38.1	6.91432e-10	1.80066e-11
3.5	38.6	5.79907e-10	1.50975e-11
3.5	39.1	4.86791e-10	2.66446e-11
3.5	39.6	4.08919e-10	2.68328e-11
3.5	40.1	3.43735e-10	2.26243e-11
4	0.1	0.0107086	2.87918e-11
4	0.6	0.0605374	2.95464e-11
4	1.1	0.108734	2.95565e-11
4	1.6	0.151265	2.9476e-11
4	2.1	0.176518	2.96168e-11
4	2.6	0.169022	2.95535e-11
4	3.1	0.135509	2.94837e-11
4	3.6	0.0973876	2.9423e-11
4	4.1	0.0647851	2.95693e-11
4	4.6	0.0408808	2.96174e-11
4	5.1	0.0249546	2.94966e-11
4	5.6	0.0149595	2.9235e-11
4	6.1	0.00890439	2.94214e-11
4	6.6	0.00530327	2.9414e-11
4	7.1	0.00317652	2.91914e-11
4	7.6	0.00191967	2.94687e-11
4	8.1	0.0011727	2.95593e-11
4	8.6	0.000724863	2.87645e-11
4	9.1	0.00045352	2.8562e-11
4	9.6	0.000287207	2.95606e-11
4	10.1	0.000184046	2.90911e-11
4	10.6	0.00011929	2.95076e-11
4	11.1	7.81631e-05	2.91937e-11
4	11.6	5.17454e-05	2.92863e-11
4	12.1	3.45911e-05	2.91943e-11
4	12.6	2.33362e-05	2.67933e-11
4	13.1	1.58792e-05	2.90954e-11
4	13.6	1.08925e-05	2.58064e-11
4	14.1	7.52845e-06	2.86753e-11
4	14.6	5.24033e-06	2.88856e-11
4	15.1	3.67191e-06	2.76838e-11
4	15.6	2.58895e-06	2.68773e-11
4	16.1	1.83604e-06	2.90148e-11
4	16.6	1.3092e-06	2.85521e-11
4	17.1	9.38324e-07	2.76334e-11
4	17.6	6.7574e-07	2.76326e-11
4	18.1	4.88829e-07	2.95599e-11
4	18.6	3.55113e-07	2.8136e-11
4	19.1	2.58994e-07	2.78656e-11
4	19.6	1.89594e-07	2.94747e-11
4	20.1	1.39273e-07	2.09735e-11
4	20.6	1.02642e-07	2.44011e-11
4	21.1	7.58775e-08	2.60118e-11
4	21.6	5.6254e-08	2.9252e-11
4	22.1	4.18179e-08	2.27981e-11
4	22.6	3.11668e-08	2.33275e-11
4	23.1	2.32825e-08	2.0803e-11
4	23.6	1.74318e-08	2.55342e-11
4	24.1	1.30727e-08	2.14838e-11
4	24.6	9.82564e-09	1.57297e-11
4	25.1	7.39822e-09	2.86863e-11
4	25.6	5.57983e-09	2.1446e-11
4	26.1	4.21488e-09	1.60618e-11
4	26.6	3.18837e-09	2.01865e-11
4	27.1	2.41501e-09	2.79006e-11
4	27.6	1.8315e-09	2.63421e-11
4	28.1	1.39052e-09	2.50858e-11
4	28.6	1.05677e-09	2.93917e-11
4	29.1	8.03883e-10	2.79792e-11
4	29.6	6.12006e-10	2.63399e-11
4	30.1	4.66258e-10	2.79302e-11
4	30.6	3.55454e-10	2.83694e-11
4	31.1	2.71162e-10	2.59451e-11
4	31.6	2.06976e-10	2.48919e-11
4	32.1	1.58102e-10	2.70645e-11
4	32.6	1.20775e-10	2.09384e-11
4	33.1	9.23692e-11	2.31361e-11
4	33.6	7.07325e-11	2.52927e-11
4	34.1	5.4075e-11	1.94886e-11
4	34.6	4.16398e-11	2.59695e-11
4	35.1	3.18427e-11	1.98545e-11
4	35.6	2.43485e-11	1.51713e-11
4	36.1	1.92686e-11	2.43e-11
4	36.6	1.49627e-11	2.46562e-11
4	37.1	1.14723e-11	1.90304e-11
4	37.6	8.79312e-12	1.4678e-11
4	38.1	6.73689e-12	1.13128e-11
4	38.6	5.15906e-12	8.71228e-12
4	39.1	3.94815e-12	6.70135e-12
4	39.6	3.02002e-12	5.15217e-12
4	40.1	2.30854e-12	3.95748e-12
4.5	0.1	0.00396763	2.94935e-11
4.5	0.6	0.0290687	2.92259e-11
4.5	1.1	0.0602056	2.95807e-11
4.5	1.6	0.0959353	2.95491e-11
4.5	2.1	0.126963	2.95567e-11
4.5	2.6	0.134713	2.95666e-11
4.5	3.1	0.108305	2.96054e-11
4.5	3.6	0.0753036	2.94065e-11
4.5	4.1	0.0475966	2.95169e-11
4.5	4.6	0.0281894	2.95262e-11
4.5	5.1	0.0160064	2.92797e-11
4.5	5.6	0.0088668	2.91698e-11
4.5	6.1	0.00485342	2.93348e-11
4.5	6.6	0.00264863	2.92634e-11
4.5	7.1	0.00144974	2.95904e-11
4.5	7.6	0.000798949	2.86566e-11
4.5	8.1	0.000444326	2.944e-11
4.5	8.6	0.000249674	2.88394e-11
4.5	9.1	0.000141827	2.87269e-11
4.5	9.6	8.14484e-05	2.83523e-11
4.5	10.1	4.72749e-05	2.94711e-11
4.5	10.6	2.77214e-05	2.85401e-11
4.5	11.1	1.64133e-05	2.9542e-11
4.5	11.6	9.8065e-06	2.61733e-11
4.5	12.1	5.90871e-06	2.45232e-11
4.5	12.6	3.58805e-06	2.55774e-11
4.5	13.1	2.19455e-06	2.69003e-11
4.5	13.6	1.35111e-06	2.73645e-11
4.5	14.1	8.36844e-07	2.77644e-11
4.5	14.6	5.21161e-07	2.94884e-11
4.5	15.1	3.26171e-07	2.81364e-11
4.5	15.6	2.05047e-07	2.86148e-11
4.5	16.1	1.29416e-07	2.9425e-11
4.5	16.6	8.19705e-08	2.92004e-11
4.5	17.1	5.20799e-08	2.83287e-11
4.5	17.6	3.3178e-08	2.63766e-11
4.5	18.1	2.11636e-08	2.83226e-11
4.5	18.6	1.35427e-08	2.50688e-11
4.5	19.1	8.68038e-09	2.88742e-11
4.5	19.6	5.57116e-09	2.84969e-11
4.5	20.1	3.5792e-09	2.86945e-11
4.5	20.6	2.30099e-09	2.23604e-11
4.5	21.1	1.47983e-09	2.54687e-11
4.5	21.6	9.5247e-10	2.41306e-11
4.5	22.1	6.12375e-10	2.49923e-11
4.5	22.6	3.93496e-10	2.27439e-11
4.5	23.1	2.52606e-10	2.06114e-11
4.5	23.6	1.61619e-10	2.71798e-11
4.5	24.1	1.03221e-10	2.30791e-11
4.5	24.6	6.52485e-11	2.41867e-11
4.5	25.1	4.08645e-11	2.86706e-11
4.5	25.6	2.59096e-11	2.31486e-11
4.5	26.1	1.64871e-11	1.52451e-11
4.5	26.6	1.19315e-11	2.00556e-11
4.5	27.1	7.59564e-12	1.29254e-11
4.5	27.6	4.82096e-12	8.29629e-12
4.5	28.1	3.0427e-12	5.27156e-12
4.5	28.6	1.90664e-12	3.30706e-12
4.5	29.1	1.18999e-12	2.06614e-12
4.5	29.6	7.39533e-13	1.28518e-12
4.5	30.1	4.57489e-13	7.95648e-13
4.5	30.6	2.81628e-13	4.90112e-13
4.5	31.1	1.72465e-13	3.00293e-13
4.5	31.6	1.0503e-13	1.82946e-13
4.5	32.1	6.35858e-14	1.10784e-13
4.5	32.6	3.82543e-14	6.66561e-14
4.5	33.1	2.28617e-14	3.98336e-14
4.5	33.6	1.35666e-14	2.36335e-14
4.5	34.1	7.99068e-15	1.39151e-14
4.5	34.6	4.66932e-15	8.127e-15
4.5	35.1	2.70636e-15	4.70971e-15
4.5	35.6	1.56606e-15	4.58471e-15
4.5	36.1	8.89685e-16	4.57976e-15
4.5	36.6	5.00389e-16	4.57472e-15
4.5	37.1	2.78461e-16	4.56958e-15
4.5	37.6	1.53226e-16	4.56435e-15
4.5	38.1	8.33129e-17	4.559e-15
4.5	38.6	4.47288e-17	4.55355e-15
4.5	39.1	2.36927e-17	4.54796e-15
4.5	39.6	1.23716e-17	4.54225e-15
4.5	40.1	7.29676e-18	4.5364e-15
5	0.1	0.000782686	2.91363e-11
5	0.6	0.00891494	2.95321e-11
5	1.1	0.0234679	2.95727e-11
5	1.6	0.046715	2.94354e-11
5	2.1	0.075912	2.9613e-11
5	2.6	0.0972669	2.96278e-11
5	3.1	0.0808119	2.94436e-11
5	3.6	0.0525463	2.95368e-11
5	4.1	0.030144	2.94178e-11
5	4.6	0.0159114	2.94115e-11
5	5.1	0.0079461	2.94768e-11
5	5.6	0.00383175	2.9587e-11
5	6.1	0.00181081	2.96015e-11
5	6.6	0.000847409	2.95882e-11
5	7.1	0.000395438	2.88393e-11
5	7.6	0.000184824	2.88225e-11
5	8.1	8.67523e-05	2.90716e-11
5	8.6	4.09497e-05	2.91888e-11
5	9.1	1.94493e-05	2.94176e-11
5	9.6	9.29456e-06	2.85137e-11
5	10.1	4.4674e-06	2.86577e-11
5	10.6	2.15825e-06	2.78167e-11
5	11.1	1.04721e-06	2.95946e-11
5	11.6	5.09873e-07	2.91923e-11
5	12.1	2.48877e-07	2.88489e-11
5	12.6	1.2167e-07	2.63543e-11
5	13.1	5.95159e-08	2.63393e-11
5	13.6	2.91004e-08	2.63723e-11
5	14.1	1.4209e-08	2.4798e-11
5	14.6	6.90351e-09	2.9229e-11
5	15.1	3.35766e-09	2.49692e-11
5	15.6	1.62312e-09	2.63127e-11
5	16.1	7.80406e-10	2.59166e-11
5	16.6	3.72746e-10	2.84813e-11
5	17.1	1.76489e-10	2.91924e-11
5	17.6	8.26186e-11	2.4298e-11
5	18.1	3.80432e-11	2.86631e-11
5	18.6	1.76209e-11	2.75864e-11
5	19.1	7.98309e-12	1.25313e-11
5	19.6	3.56317e-12	5.61068e-12
5	20.1	1.56452e-12	2.47239e-12
5	20.6	6.74698e-13	1.07064e-12
5	21.1	2.85277e-13	4.54817e-13
5	21.6	1.18039e-13	1.89187e-13
5	22.1	4.76969e-14	7.69006e-14
5	22.6	1.87785e-14	3.04779e-14
5	23.1	7.1852e-15	1.17487e-14
5	23.6	2.80722e-15	5.35165e-15
5	24.1	1.11841e-15	4.5407e-15
5	24.6	3.91754e-16	4.5309e-15
5	25.1	1.31844e-16	4.52067e-15
5	25.6	4.24494e-17	4.50996e-15
5	26.1	1.30105e-17	4.49868e-15
5	26.6	3.77439e-18	4.48678e-15
5	27.1	1.0295e-18	4.47414e-15
5	27.6	2.61954e-19	4.46066e-15
5	28.1	6.16e-20	4.4462e-15
5	28.6	1.32376e-20	4.43056e-15
5	29.1	2.56424e-21	4.4135e-15
5	29.6	4.40198e-22	4.39471e-15
5	30.1	6.5551e-23	4.37375e-15
5	30.6	8.23725e-24	4.34997e-15
5	31.1	8.42309e-25	4.32245e-15
5	31.6	6.67299e-26	4.28964e-15
5	32.1	3.82973e-27	4.24885e-15
5	32.6	1.46519e-28	4.19463e-15
5	33.1	5.21584e-30	4.11279e-15
5	33.6	3.13652e-31	3.93687e-15
5	34.1	1e-30	1e-30
5	34.6	1e-30	1e-30
5	35.1	1e-30	1e-30
5	35.6	1e-30	1e-30
5	36.1	1e-30	1e-30
5	36.6	1e-30	1e-30
5	37.1	1e-30	1e-30
5	37.6	1e-30	1e-30
5	38.1	1e-30	1e-30
5	38.6	1e-30	1e-30
5	39.1	1e-30	1e-30
5	39.6	1e-30	1e-30
5	40.1	1e-30	1e-30
